--
-- PostgreSQL database dump
--

-- Dumped from database version 16.2
-- Dumped by pg_dump version 16.2

SET statement_timeout = 0;
SET lock_timeout = 0;
SET idle_in_transaction_session_timeout = 0;
SET client_encoding = 'UTF8';
SET standard_conforming_strings = on;
SELECT pg_catalog.set_config('search_path', '', false);
SET check_function_bodies = false;
SET xmloption = content;
SET client_min_messages = warning;
SET row_security = off;

SET default_tablespace = '';

SET default_table_access_method = heap;

--
-- Name: auth_group; Type: TABLE; Schema: public; Owner: django_admin
--

CREATE TABLE public.auth_group (
    id integer NOT NULL,
    name character varying(150) NOT NULL
);


ALTER TABLE public.auth_group OWNER TO django_admin;

--
-- Name: auth_group_id_seq; Type: SEQUENCE; Schema: public; Owner: django_admin
--

ALTER TABLE public.auth_group ALTER COLUMN id ADD GENERATED BY DEFAULT AS IDENTITY (
    SEQUENCE NAME public.auth_group_id_seq
    START WITH 1
    INCREMENT BY 1
    NO MINVALUE
    NO MAXVALUE
    CACHE 1
);


--
-- Name: auth_group_permissions; Type: TABLE; Schema: public; Owner: django_admin
--

CREATE TABLE public.auth_group_permissions (
    id bigint NOT NULL,
    group_id integer NOT NULL,
    permission_id integer NOT NULL
);


ALTER TABLE public.auth_group_permissions OWNER TO django_admin;

--
-- Name: auth_group_permissions_id_seq; Type: SEQUENCE; Schema: public; Owner: django_admin
--

ALTER TABLE public.auth_group_permissions ALTER COLUMN id ADD GENERATED BY DEFAULT AS IDENTITY (
    SEQUENCE NAME public.auth_group_permissions_id_seq
    START WITH 1
    INCREMENT BY 1
    NO MINVALUE
    NO MAXVALUE
    CACHE 1
);


--
-- Name: auth_permission; Type: TABLE; Schema: public; Owner: django_admin
--

CREATE TABLE public.auth_permission (
    id integer NOT NULL,
    name character varying(255) NOT NULL,
    content_type_id integer NOT NULL,
    codename character varying(100) NOT NULL
);


ALTER TABLE public.auth_permission OWNER TO django_admin;

--
-- Name: auth_permission_id_seq; Type: SEQUENCE; Schema: public; Owner: django_admin
--

ALTER TABLE public.auth_permission ALTER COLUMN id ADD GENERATED BY DEFAULT AS IDENTITY (
    SEQUENCE NAME public.auth_permission_id_seq
    START WITH 1
    INCREMENT BY 1
    NO MINVALUE
    NO MAXVALUE
    CACHE 1
);


--
-- Name: auth_user; Type: TABLE; Schema: public; Owner: django_admin
--

CREATE TABLE public.auth_user (
    id integer NOT NULL,
    password character varying(128) NOT NULL,
    last_login timestamp with time zone,
    is_superuser boolean NOT NULL,
    username character varying(150) NOT NULL,
    first_name character varying(150) NOT NULL,
    last_name character varying(150) NOT NULL,
    email character varying(254) NOT NULL,
    is_staff boolean NOT NULL,
    is_active boolean NOT NULL,
    date_joined timestamp with time zone NOT NULL
);


ALTER TABLE public.auth_user OWNER TO django_admin;

--
-- Name: auth_user_groups; Type: TABLE; Schema: public; Owner: django_admin
--

CREATE TABLE public.auth_user_groups (
    id bigint NOT NULL,
    user_id integer NOT NULL,
    group_id integer NOT NULL
);


ALTER TABLE public.auth_user_groups OWNER TO django_admin;

--
-- Name: auth_user_groups_id_seq; Type: SEQUENCE; Schema: public; Owner: django_admin
--

ALTER TABLE public.auth_user_groups ALTER COLUMN id ADD GENERATED BY DEFAULT AS IDENTITY (
    SEQUENCE NAME public.auth_user_groups_id_seq
    START WITH 1
    INCREMENT BY 1
    NO MINVALUE
    NO MAXVALUE
    CACHE 1
);


--
-- Name: auth_user_id_seq; Type: SEQUENCE; Schema: public; Owner: django_admin
--

ALTER TABLE public.auth_user ALTER COLUMN id ADD GENERATED BY DEFAULT AS IDENTITY (
    SEQUENCE NAME public.auth_user_id_seq
    START WITH 1
    INCREMENT BY 1
    NO MINVALUE
    NO MAXVALUE
    CACHE 1
);


--
-- Name: auth_user_user_permissions; Type: TABLE; Schema: public; Owner: django_admin
--

CREATE TABLE public.auth_user_user_permissions (
    id bigint NOT NULL,
    user_id integer NOT NULL,
    permission_id integer NOT NULL
);


ALTER TABLE public.auth_user_user_permissions OWNER TO django_admin;

--
-- Name: auth_user_user_permissions_id_seq; Type: SEQUENCE; Schema: public; Owner: django_admin
--

ALTER TABLE public.auth_user_user_permissions ALTER COLUMN id ADD GENERATED BY DEFAULT AS IDENTITY (
    SEQUENCE NAME public.auth_user_user_permissions_id_seq
    START WITH 1
    INCREMENT BY 1
    NO MINVALUE
    NO MAXVALUE
    CACHE 1
);


--
-- Name: check_classroom; Type: TABLE; Schema: public; Owner: django_admin
--

CREATE TABLE public.check_classroom (
    id bigint NOT NULL,
    center_number integer NOT NULL,
    classroom integer NOT NULL,
    num_seats integer
);


ALTER TABLE public.check_classroom OWNER TO django_admin;

--
-- Name: check_classrooms_id_seq; Type: SEQUENCE; Schema: public; Owner: django_admin
--

ALTER TABLE public.check_classroom ALTER COLUMN id ADD GENERATED BY DEFAULT AS IDENTITY (
    SEQUENCE NAME public.check_classrooms_id_seq
    START WITH 1
    INCREMENT BY 1
    NO MINVALUE
    NO MAXVALUE
    CACHE 1
);


--
-- Name: check_department; Type: TABLE; Schema: public; Owner: django_admin
--

CREATE TABLE public.check_department (
    id bigint NOT NULL,
    department character varying(100) NOT NULL,
    department_number integer NOT NULL
);


ALTER TABLE public.check_department OWNER TO django_admin;

--
-- Name: check_departments_id_seq; Type: SEQUENCE; Schema: public; Owner: django_admin
--

ALTER TABLE public.check_department ALTER COLUMN id ADD GENERATED BY DEFAULT AS IDENTITY (
    SEQUENCE NAME public.check_departments_id_seq
    START WITH 1
    INCREMENT BY 1
    NO MINVALUE
    NO MAXVALUE
    CACHE 1
);


--
-- Name: check_discipline; Type: TABLE; Schema: public; Owner: django_admin
--

CREATE TABLE public.check_discipline (
    id bigint NOT NULL,
    discipline character varying(100) NOT NULL
);


ALTER TABLE public.check_discipline OWNER TO django_admin;

--
-- Name: check_disciplines_id_seq; Type: SEQUENCE; Schema: public; Owner: django_admin
--

ALTER TABLE public.check_discipline ALTER COLUMN id ADD GENERATED BY DEFAULT AS IDENTITY (
    SEQUENCE NAME public.check_disciplines_id_seq
    START WITH 1
    INCREMENT BY 1
    NO MINVALUE
    NO MAXVALUE
    CACHE 1
);


--
-- Name: check_exam; Type: TABLE; Schema: public; Owner: django_admin
--

CREATE TABLE public.check_exam (
    id bigint NOT NULL,
    exam_date date NOT NULL,
    lesson_id bigint NOT NULL,
    start_time_id bigint NOT NULL
);


ALTER TABLE public.check_exam OWNER TO django_admin;

--
-- Name: check_exam_id_seq; Type: SEQUENCE; Schema: public; Owner: django_admin
--

ALTER TABLE public.check_exam ALTER COLUMN id ADD GENERATED BY DEFAULT AS IDENTITY (
    SEQUENCE NAME public.check_exam_id_seq
    START WITH 1
    INCREMENT BY 1
    NO MINVALUE
    NO MAXVALUE
    CACHE 1
);


--
-- Name: check_examtime; Type: TABLE; Schema: public; Owner: django_admin
--

CREATE TABLE public.check_examtime (
    id bigint NOT NULL,
    start_time time without time zone NOT NULL
);


ALTER TABLE public.check_examtime OWNER TO django_admin;

--
-- Name: check_examtime_id_seq; Type: SEQUENCE; Schema: public; Owner: django_admin
--

ALTER TABLE public.check_examtime ALTER COLUMN id ADD GENERATED BY DEFAULT AS IDENTITY (
    SEQUENCE NAME public.check_examtime_id_seq
    START WITH 1
    INCREMENT BY 1
    NO MINVALUE
    NO MAXVALUE
    CACHE 1
);


--
-- Name: check_faculty; Type: TABLE; Schema: public; Owner: django_admin
--

CREATE TABLE public.check_faculty (
    id bigint NOT NULL,
    faculty character varying(200) NOT NULL
);


ALTER TABLE public.check_faculty OWNER TO django_admin;

--
-- Name: check_faculties_id_seq; Type: SEQUENCE; Schema: public; Owner: django_admin
--

ALTER TABLE public.check_faculty ALTER COLUMN id ADD GENERATED BY DEFAULT AS IDENTITY (
    SEQUENCE NAME public.check_faculties_id_seq
    START WITH 1
    INCREMENT BY 1
    NO MINVALUE
    NO MAXVALUE
    CACHE 1
);


--
-- Name: check_group; Type: TABLE; Schema: public; Owner: django_admin
--

CREATE TABLE public.check_group (
    id bigint NOT NULL,
    "group" character varying(100) NOT NULL,
    course integer NOT NULL,
    num_students integer NOT NULL,
    faculty_id bigint NOT NULL,
    qualification_id bigint NOT NULL
);


ALTER TABLE public.check_group OWNER TO django_admin;

--
-- Name: check_groups_id_seq; Type: SEQUENCE; Schema: public; Owner: django_admin
--

ALTER TABLE public.check_group ALTER COLUMN id ADD GENERATED BY DEFAULT AS IDENTITY (
    SEQUENCE NAME public.check_groups_id_seq
    START WITH 1
    INCREMENT BY 1
    NO MINVALUE
    NO MAXVALUE
    CACHE 1
);


--
-- Name: check_lesson; Type: TABLE; Schema: public; Owner: django_admin
--

CREATE TABLE public.check_lesson (
    id bigint NOT NULL,
    week_number integer NOT NULL,
    start_date date NOT NULL,
    end_date date NOT NULL,
    classroom_id bigint NOT NULL,
    discipline_id bigint NOT NULL,
    lesson_number_id bigint NOT NULL,
    lesson_type_id bigint NOT NULL,
    teacher_id bigint NOT NULL,
    weekday_id bigint NOT NULL
);


ALTER TABLE public.check_lesson OWNER TO django_admin;

--
-- Name: check_lesson_subgroup; Type: TABLE; Schema: public; Owner: django_admin
--

CREATE TABLE public.check_lesson_subgroup (
    id bigint NOT NULL,
    lesson_id bigint NOT NULL,
    subgroup_id bigint NOT NULL
);


ALTER TABLE public.check_lesson_subgroup OWNER TO django_admin;

--
-- Name: check_lessons_id_seq; Type: SEQUENCE; Schema: public; Owner: django_admin
--

ALTER TABLE public.check_lesson ALTER COLUMN id ADD GENERATED BY DEFAULT AS IDENTITY (
    SEQUENCE NAME public.check_lessons_id_seq
    START WITH 1
    INCREMENT BY 1
    NO MINVALUE
    NO MAXVALUE
    CACHE 1
);


--
-- Name: check_lessons_subgroup_id_seq; Type: SEQUENCE; Schema: public; Owner: django_admin
--

ALTER TABLE public.check_lesson_subgroup ALTER COLUMN id ADD GENERATED BY DEFAULT AS IDENTITY (
    SEQUENCE NAME public.check_lessons_subgroup_id_seq
    START WITH 1
    INCREMENT BY 1
    NO MINVALUE
    NO MAXVALUE
    CACHE 1
);


--
-- Name: check_lessontime; Type: TABLE; Schema: public; Owner: django_admin
--

CREATE TABLE public.check_lessontime (
    id bigint NOT NULL,
    lesson_number integer NOT NULL,
    start_time time without time zone NOT NULL,
    end_time time without time zone NOT NULL
);


ALTER TABLE public.check_lessontime OWNER TO django_admin;

--
-- Name: check_lessontime_id_seq; Type: SEQUENCE; Schema: public; Owner: django_admin
--

ALTER TABLE public.check_lessontime ALTER COLUMN id ADD GENERATED BY DEFAULT AS IDENTITY (
    SEQUENCE NAME public.check_lessontime_id_seq
    START WITH 1
    INCREMENT BY 1
    NO MINVALUE
    NO MAXVALUE
    CACHE 1
);


--
-- Name: check_lessontype; Type: TABLE; Schema: public; Owner: django_admin
--

CREATE TABLE public.check_lessontype (
    id bigint NOT NULL,
    lesson_type character varying(100) NOT NULL
);


ALTER TABLE public.check_lessontype OWNER TO django_admin;

--
-- Name: check_lessontypes_id_seq; Type: SEQUENCE; Schema: public; Owner: django_admin
--

ALTER TABLE public.check_lessontype ALTER COLUMN id ADD GENERATED BY DEFAULT AS IDENTITY (
    SEQUENCE NAME public.check_lessontypes_id_seq
    START WITH 1
    INCREMENT BY 1
    NO MINVALUE
    NO MAXVALUE
    CACHE 1
);


--
-- Name: check_myfiles; Type: TABLE; Schema: public; Owner: django_admin
--

CREATE TABLE public.check_myfiles (
    id bigint NOT NULL,
    file character varying(100) NOT NULL,
    file_type character varying(50) NOT NULL,
    year character varying(50) NOT NULL,
    semester character varying(50) NOT NULL,
    directory_path character varying(150) NOT NULL
);


ALTER TABLE public.check_myfiles OWNER TO django_admin;

--
-- Name: check_myfiles_id_seq; Type: SEQUENCE; Schema: public; Owner: django_admin
--

ALTER TABLE public.check_myfiles ALTER COLUMN id ADD GENERATED BY DEFAULT AS IDENTITY (
    SEQUENCE NAME public.check_myfiles_id_seq
    START WITH 1
    INCREMENT BY 1
    NO MINVALUE
    NO MAXVALUE
    CACHE 1
);


--
-- Name: check_position; Type: TABLE; Schema: public; Owner: django_admin
--

CREATE TABLE public.check_position (
    id bigint NOT NULL,
    "position" character varying(100) NOT NULL
);


ALTER TABLE public.check_position OWNER TO django_admin;

--
-- Name: check_positions_id_seq; Type: SEQUENCE; Schema: public; Owner: django_admin
--

ALTER TABLE public.check_position ALTER COLUMN id ADD GENERATED BY DEFAULT AS IDENTITY (
    SEQUENCE NAME public.check_positions_id_seq
    START WITH 1
    INCREMENT BY 1
    NO MINVALUE
    NO MAXVALUE
    CACHE 1
);


--
-- Name: check_qualification; Type: TABLE; Schema: public; Owner: django_admin
--

CREATE TABLE public.check_qualification (
    id bigint NOT NULL,
    qualification character varying(100) NOT NULL
);


ALTER TABLE public.check_qualification OWNER TO django_admin;

--
-- Name: check_qualifications_id_seq; Type: SEQUENCE; Schema: public; Owner: django_admin
--

ALTER TABLE public.check_qualification ALTER COLUMN id ADD GENERATED BY DEFAULT AS IDENTITY (
    SEQUENCE NAME public.check_qualifications_id_seq
    START WITH 1
    INCREMENT BY 1
    NO MINVALUE
    NO MAXVALUE
    CACHE 1
);


--
-- Name: check_subgroup; Type: TABLE; Schema: public; Owner: django_admin
--

CREATE TABLE public.check_subgroup (
    id bigint NOT NULL,
    subgroup_number integer NOT NULL,
    group_id bigint NOT NULL
);


ALTER TABLE public.check_subgroup OWNER TO django_admin;

--
-- Name: check_subgroups_id_seq; Type: SEQUENCE; Schema: public; Owner: django_admin
--

ALTER TABLE public.check_subgroup ALTER COLUMN id ADD GENERATED BY DEFAULT AS IDENTITY (
    SEQUENCE NAME public.check_subgroups_id_seq
    START WITH 1
    INCREMENT BY 1
    NO MINVALUE
    NO MAXVALUE
    CACHE 1
);


--
-- Name: check_teacher; Type: TABLE; Schema: public; Owner: django_admin
--

CREATE TABLE public.check_teacher (
    id bigint NOT NULL,
    full_name character varying(100) NOT NULL,
    department_id bigint NOT NULL,
    position_id bigint NOT NULL,
    short_name character varying(100) NOT NULL
);


ALTER TABLE public.check_teacher OWNER TO django_admin;

--
-- Name: check_teachers_id_seq; Type: SEQUENCE; Schema: public; Owner: django_admin
--

ALTER TABLE public.check_teacher ALTER COLUMN id ADD GENERATED BY DEFAULT AS IDENTITY (
    SEQUENCE NAME public.check_teachers_id_seq
    START WITH 1
    INCREMENT BY 1
    NO MINVALUE
    NO MAXVALUE
    CACHE 1
);


--
-- Name: check_weekday; Type: TABLE; Schema: public; Owner: django_admin
--

CREATE TABLE public.check_weekday (
    id bigint NOT NULL,
    weekday character varying(100) NOT NULL
);


ALTER TABLE public.check_weekday OWNER TO django_admin;

--
-- Name: check_weekdays_id_seq; Type: SEQUENCE; Schema: public; Owner: django_admin
--

ALTER TABLE public.check_weekday ALTER COLUMN id ADD GENERATED BY DEFAULT AS IDENTITY (
    SEQUENCE NAME public.check_weekdays_id_seq
    START WITH 1
    INCREMENT BY 1
    NO MINVALUE
    NO MAXVALUE
    CACHE 1
);


--
-- Name: django_admin_log; Type: TABLE; Schema: public; Owner: django_admin
--

CREATE TABLE public.django_admin_log (
    id integer NOT NULL,
    action_time timestamp with time zone NOT NULL,
    object_id text,
    object_repr character varying(200) NOT NULL,
    action_flag smallint NOT NULL,
    change_message text NOT NULL,
    content_type_id integer,
    user_id integer NOT NULL,
    CONSTRAINT django_admin_log_action_flag_check CHECK ((action_flag >= 0))
);


ALTER TABLE public.django_admin_log OWNER TO django_admin;

--
-- Name: django_admin_log_id_seq; Type: SEQUENCE; Schema: public; Owner: django_admin
--

ALTER TABLE public.django_admin_log ALTER COLUMN id ADD GENERATED BY DEFAULT AS IDENTITY (
    SEQUENCE NAME public.django_admin_log_id_seq
    START WITH 1
    INCREMENT BY 1
    NO MINVALUE
    NO MAXVALUE
    CACHE 1
);


--
-- Name: django_content_type; Type: TABLE; Schema: public; Owner: django_admin
--

CREATE TABLE public.django_content_type (
    id integer NOT NULL,
    app_label character varying(100) NOT NULL,
    model character varying(100) NOT NULL
);


ALTER TABLE public.django_content_type OWNER TO django_admin;

--
-- Name: django_content_type_id_seq; Type: SEQUENCE; Schema: public; Owner: django_admin
--

ALTER TABLE public.django_content_type ALTER COLUMN id ADD GENERATED BY DEFAULT AS IDENTITY (
    SEQUENCE NAME public.django_content_type_id_seq
    START WITH 1
    INCREMENT BY 1
    NO MINVALUE
    NO MAXVALUE
    CACHE 1
);


--
-- Name: django_migrations; Type: TABLE; Schema: public; Owner: django_admin
--

CREATE TABLE public.django_migrations (
    id bigint NOT NULL,
    app character varying(255) NOT NULL,
    name character varying(255) NOT NULL,
    applied timestamp with time zone NOT NULL
);


ALTER TABLE public.django_migrations OWNER TO django_admin;

--
-- Name: django_migrations_id_seq; Type: SEQUENCE; Schema: public; Owner: django_admin
--

ALTER TABLE public.django_migrations ALTER COLUMN id ADD GENERATED BY DEFAULT AS IDENTITY (
    SEQUENCE NAME public.django_migrations_id_seq
    START WITH 1
    INCREMENT BY 1
    NO MINVALUE
    NO MAXVALUE
    CACHE 1
);


--
-- Name: django_session; Type: TABLE; Schema: public; Owner: django_admin
--

CREATE TABLE public.django_session (
    session_key character varying(40) NOT NULL,
    session_data text NOT NULL,
    expire_date timestamp with time zone NOT NULL
);


ALTER TABLE public.django_session OWNER TO django_admin;

--
-- Data for Name: auth_group; Type: TABLE DATA; Schema: public; Owner: django_admin
--

COPY public.auth_group (id, name) FROM stdin;
\.


--
-- Data for Name: auth_group_permissions; Type: TABLE DATA; Schema: public; Owner: django_admin
--

COPY public.auth_group_permissions (id, group_id, permission_id) FROM stdin;
\.


--
-- Data for Name: auth_permission; Type: TABLE DATA; Schema: public; Owner: django_admin
--

COPY public.auth_permission (id, name, content_type_id, codename) FROM stdin;
1	Can add log entry	1	add_logentry
2	Can change log entry	1	change_logentry
3	Can delete log entry	1	delete_logentry
4	Can view log entry	1	view_logentry
5	Can add permission	2	add_permission
6	Can change permission	2	change_permission
7	Can delete permission	2	delete_permission
8	Can view permission	2	view_permission
9	Can add group	3	add_group
10	Can change group	3	change_group
11	Can delete group	3	delete_group
12	Can view group	3	view_group
13	Can add user	4	add_user
14	Can change user	4	change_user
15	Can delete user	4	delete_user
16	Can view user	4	view_user
17	Can add content type	5	add_contenttype
18	Can change content type	5	change_contenttype
19	Can delete content type	5	delete_contenttype
20	Can view content type	5	view_contenttype
21	Can add session	6	add_session
22	Can change session	6	change_session
23	Can delete session	6	delete_session
24	Can view session	6	view_session
25	Can add my files	7	add_myfiles
26	Can change my files	7	change_myfiles
27	Can delete my files	7	delete_myfiles
28	Can view my files	7	view_myfiles
29	Can add directory	8	add_directory
30	Can change directory	8	change_directory
31	Can delete directory	8	delete_directory
32	Can view directory	8	view_directory
33	Can add lesson types	9	add_lessontypes
34	Can change lesson types	9	change_lessontypes
35	Can delete lesson types	9	delete_lessontypes
36	Can view lesson types	9	view_lessontypes
37	Can add lessons	10	add_lessons
38	Can change lessons	10	change_lessons
39	Can delete lessons	10	delete_lessons
40	Can view lessons	10	view_lessons
41	Can add groups	11	add_groups
42	Can change groups	11	change_groups
43	Can delete groups	11	delete_groups
44	Can view groups	11	view_groups
45	Can add qualifications	12	add_qualifications
46	Can change qualifications	12	change_qualifications
47	Can delete qualifications	12	delete_qualifications
48	Can view qualifications	12	view_qualifications
49	Can add departments	13	add_departments
50	Can change departments	13	change_departments
51	Can delete departments	13	delete_departments
52	Can view departments	13	view_departments
53	Can add subgroups	14	add_subgroups
54	Can change subgroups	14	change_subgroups
55	Can delete subgroups	14	delete_subgroups
56	Can view subgroups	14	view_subgroups
57	Can add exams	15	add_exams
58	Can change exams	15	change_exams
59	Can delete exams	15	delete_exams
60	Can view exams	15	view_exams
61	Can add teachers	16	add_teachers
62	Can change teachers	16	change_teachers
63	Can delete teachers	16	delete_teachers
64	Can view teachers	16	view_teachers
65	Can add classrooms	17	add_classrooms
66	Can change classrooms	17	change_classrooms
67	Can delete classrooms	17	delete_classrooms
68	Can view classrooms	17	view_classrooms
69	Can add weekdays	18	add_weekdays
70	Can change weekdays	18	change_weekdays
71	Can delete weekdays	18	delete_weekdays
72	Can view weekdays	18	view_weekdays
73	Can add exam time	19	add_examtime
74	Can change exam time	19	change_examtime
75	Can delete exam time	19	delete_examtime
76	Can view exam time	19	view_examtime
77	Can add faculties	20	add_faculties
78	Can change faculties	20	change_faculties
79	Can delete faculties	20	delete_faculties
80	Can view faculties	20	view_faculties
81	Can add lesson time	21	add_lessontime
82	Can change lesson time	21	change_lessontime
83	Can delete lesson time	21	delete_lessontime
84	Can view lesson time	21	view_lessontime
85	Can add positions	22	add_positions
86	Can change positions	22	change_positions
87	Can delete positions	22	delete_positions
88	Can view positions	22	view_positions
89	Can add disciplines	23	add_disciplines
90	Can change disciplines	23	change_disciplines
91	Can delete disciplines	23	delete_disciplines
92	Can view disciplines	23	view_disciplines
93	Can add classroom	25	add_classroom
94	Can change classroom	25	change_classroom
95	Can delete classroom	25	delete_classroom
96	Can view classroom	25	view_classroom
97	Can add department	26	add_department
98	Can change department	26	change_department
99	Can delete department	26	delete_department
100	Can view department	26	view_department
101	Can add discipline	27	add_discipline
102	Can change discipline	27	change_discipline
103	Can delete discipline	27	delete_discipline
104	Can view discipline	27	view_discipline
105	Can add faculty	24	add_faculty
106	Can change faculty	24	change_faculty
107	Can delete faculty	24	delete_faculty
108	Can view faculty	24	view_faculty
109	Can add lesson type	28	add_lessontype
110	Can change lesson type	28	change_lessontype
111	Can delete lesson type	28	delete_lessontype
112	Can view lesson type	28	view_lessontype
113	Can add position	29	add_position
114	Can change position	29	change_position
115	Can delete position	29	delete_position
116	Can view position	29	view_position
117	Can add qualification	30	add_qualification
118	Can change qualification	30	change_qualification
119	Can delete qualification	30	delete_qualification
120	Can view qualification	30	view_qualification
121	Can add weekday	31	add_weekday
122	Can change weekday	31	change_weekday
123	Can delete weekday	31	delete_weekday
124	Can view weekday	31	view_weekday
125	Can add group	32	add_group
126	Can change group	32	change_group
127	Can delete group	32	delete_group
128	Can view group	32	view_group
129	Can add subgroup	33	add_subgroup
130	Can change subgroup	33	change_subgroup
131	Can delete subgroup	33	delete_subgroup
132	Can view subgroup	33	view_subgroup
133	Can add teacher	34	add_teacher
134	Can change teacher	34	change_teacher
135	Can delete teacher	34	delete_teacher
136	Can view teacher	34	view_teacher
137	Can add exam	35	add_exam
138	Can change exam	35	change_exam
139	Can delete exam	35	delete_exam
140	Can view exam	35	view_exam
141	Can add lesson	36	add_lesson
142	Can change lesson	36	change_lesson
143	Can delete lesson	36	delete_lesson
144	Can view lesson	36	view_lesson
\.


--
-- Data for Name: auth_user; Type: TABLE DATA; Schema: public; Owner: django_admin
--

COPY public.auth_user (id, password, last_login, is_superuser, username, first_name, last_name, email, is_staff, is_active, date_joined) FROM stdin;
1	pbkdf2_sha256$720000$Cmw7D6yWKKCqFCh3BhtqH6$wPzB1BgDbTPR/Pxz0cRrADISQwRi6uqDZTCc70ScpTk=	2024-06-17 15:19:17.861516+03	t	Polina			Plotnikova-PS@yandex.ru	t	t	2024-05-12 21:35:57.321+03
\.


--
-- Data for Name: auth_user_groups; Type: TABLE DATA; Schema: public; Owner: django_admin
--

COPY public.auth_user_groups (id, user_id, group_id) FROM stdin;
\.


--
-- Data for Name: auth_user_user_permissions; Type: TABLE DATA; Schema: public; Owner: django_admin
--

COPY public.auth_user_user_permissions (id, user_id, permission_id) FROM stdin;
\.


--
-- Data for Name: check_classroom; Type: TABLE DATA; Schema: public; Owner: django_admin
--

COPY public.check_classroom (id, center_number, classroom, num_seats) FROM stdin;
5	3	348	16
4	3	346	48
3	3	314	16
1	3	309	30
2	3	313	16
6	3	551	\N
7	3	827	\N
8	3	424	\N
9	3	548	\N
10	3	614	\N
11	3	518	\N
12	3	319	\N
13	3	343	\N
14	3	646	\N
15	3	835	\N
16	3	520	\N
17	3	836	\N
18	3	540	\N
19	3	411	\N
20	3	633	\N
21	3	536	\N
22	3	526	\N
23	3	336	\N
24	3	345	\N
25	3	639	\N
\.


--
-- Data for Name: check_department; Type: TABLE DATA; Schema: public; Owner: django_admin
--

COPY public.check_department (id, department, department_number) FROM stdin;
1	кафедра Информационных систем и вычислительной техники	33
\.


--
-- Data for Name: check_discipline; Type: TABLE DATA; Schema: public; Owner: django_admin
--

COPY public.check_discipline (id, discipline) FROM stdin;
1	Базы данных
2	Теория языков программирования и методы трансляции
3	Защита информации
4	Системы искусственного интеллекта
5	Сети и телекоммуникации
6	Анализ проектных решений
7	Интеллектуальные системы и технологии
8	Инструментальные средства информационных систем
9	Методы и средства проектирования информационных систем и технологий
10	Прикладные информационные технологии в информационных системах
11	Корпоративные информационные системы
12	Надёжность информационных систем
13	Технология программирования
14	Моделирование
15	Теория принятия решений
16	Операционные системы
17	Маршрутизация и коммутация компьютерных сетей
18	Администрирование в информационных системах
19	Архитектура вычислительных систем
20	Объектно-ориентированное программирование
21	Математические основы цифровой техники
24	Технологии обработки информации
25	Теоретические основы построения информационных систем
26	ЭВМ и периферийные устройства
27	Информационная безопасность предприятия
28	Концептуальное проектирование автоматизированных систем
29	Вычислительные системы
30	Языки разметок, сценариев и описания данных
31	Управление качеством разработки программного обеспечения
32	Информационно-телекоммуникационные технологии
33	Программные средства и платформы информационных технологий предприятий
34	Основы сопровождения информационных систем
35	Корпоративные информационные системы минерально-сырьевого комплекса
36	Системный анализ и синтез информационных систем
37	Администрирование информационных систем
38	Основы технологии производства
39	Введение в специальность
40	Математические модели и методы автоматизированных систем
41	Интеллектуальные системы
42	Современные проблемы информатики и вычислительной техники
43	Распределённые базы данных
44	Прикладное моделирование
45	Системы поддержки принятия решений
46	Методы и средства оптимизации управления производством
47	Концептуальное проектирование информационных систем
48	Информационные технологии
\.


--
-- Data for Name: check_exam; Type: TABLE DATA; Schema: public; Owner: django_admin
--

COPY public.check_exam (id, exam_date, lesson_id, start_time_id) FROM stdin;
236	2023-12-25	1708	1
237	2023-12-25	1699	1
238	2023-12-28	1799	4
239	2023-12-29	1704	1
240	2023-12-29	1770	1
241	2023-12-29	1714	1
242	2024-01-09	1791	2
243	2024-01-10	1856	1
244	2024-01-10	1718	2
245	2024-01-10	1691	3
246	2024-01-10	1776	5
247	2024-01-12	1796	2
248	2024-01-15	1852	1
249	2024-01-15	1731	1
250	2024-01-16	1768	1
251	2024-01-16	1696	1
252	2024-01-16	1747	1
253	2024-01-16	1807	1
254	2024-01-18	1717	1
255	2024-01-19	1740	5
256	2024-01-24	1806	3
257	2024-01-24	1745	3
\.


--
-- Data for Name: check_examtime; Type: TABLE DATA; Schema: public; Owner: django_admin
--

COPY public.check_examtime (id, start_time) FROM stdin;
4	14:15:00
3	14:00:00
2	11:30:00
1	09:00:00
5	16:30:00
\.


--
-- Data for Name: check_faculty; Type: TABLE DATA; Schema: public; Owner: django_admin
--

COPY public.check_faculty (id, faculty) FROM stdin;
2	Институт базового инженерного образования
\.


--
-- Data for Name: check_group; Type: TABLE DATA; Schema: public; Owner: django_admin
--

COPY public.check_group (id, "group", course, num_students, faculty_id, qualification_id) FROM stdin;
2	ИАС-20	4	31	2	1
3	ИСТ-20	4	30	2	1
4	ИСТ-21-2	3	20	2	1
5	ИСТ-21-1	3	14	2	1
6	ИАС-21-1	3	17	2	1
7	ИАС-21-2	3	20	2	1
8	ИСТ-22-1	2	22	2	1
9	ИАС-22-1	2	25	2	1
10	ИАС-22-2	2	15	2	1
11	ИВТМ-22	2	9	2	2
12	ИСТ-22-2	2	14	2	1
13	ИСТМ-22	2	14	2	2
14	ИАС-23	1	30	2	1
15	ИСТ-23-1	1	20	2	1
16	ИСТ-23-2	1	20	2	1
17	ИВТМ-23	1	10	2	2
18	ИСТМ-23	1	10	2	2
\.


--
-- Data for Name: check_lesson; Type: TABLE DATA; Schema: public; Owner: django_admin
--

COPY public.check_lesson (id, week_number, start_date, end_date, classroom_id, discipline_id, lesson_number_id, lesson_type_id, teacher_id, weekday_id) FROM stdin;
1690	1	2023-09-11	2023-12-18	6	1	4	2	1	1
1691	1	2023-09-11	2023-12-18	4	2	3	1	2	1
1692	1	2023-09-11	2023-12-18	3	2	4	2	2	1
1693	1	2023-09-11	2023-12-18	3	2	5	2	2	1
1694	1	2023-09-13	2023-12-20	7	4	1	1	3	3
1695	2	2023-09-04	2023-12-11	6	1	4	2	1	1
1696	2	2023-09-04	2023-12-11	7	1	3	1	4	1
1697	2	2023-09-04	2023-12-11	3	2	4	2	2	1
1698	2	2023-09-04	2023-12-11	3	2	5	2	2	1
1699	2	2023-09-05	2023-12-12	7	4	3	1	3	2
1700	2	2023-09-06	2023-12-13	4	5	1	1	5	3
1701	0	2023-09-05	2023-12-19	8	1	4	2	1	2
1702	0	2023-09-05	2023-12-19	6	3	4	2	6	2
1703	0	2023-09-07	2023-12-21	2	1	5	2	1	4
1704	0	2023-09-07	2023-12-21	4	3	4	1	6	4
1705	0	2023-09-07	2023-12-21	6	3	5	2	6	4
1706	0	2023-09-06	2023-12-20	9	4	2	2	3	3
1707	0	2023-09-01	2023-12-15	2	4	1	2	3	5
1708	2	2023-09-04	2023-12-11	1	6	1	1	6	1
1709	2	2023-09-04	2023-12-11	6	6	2	2	6	1
1710	2	2023-09-04	2023-12-11	9	11	2	2	7	1
1711	2	2023-09-06	2023-12-13	1	9	2	1	7	3
1712	2	2023-09-08	2023-12-15	3	11	1	2	7	5
1713	2	2023-09-08	2023-12-15	5	12	1	2	5	5
1714	2	2023-09-07	2023-12-14	1	12	3	1	5	4
1715	1	2023-09-11	2023-12-18	6	6	2	2	6	1
1716	1	2023-09-11	2023-12-18	9	11	2	2	7	1
1717	1	2023-09-11	2023-12-18	1	10	1	1	8	1
1718	1	2023-09-13	2023-12-20	1	11	2	1	7	3
1719	1	2023-09-01	2023-12-08	3	11	1	2	7	5
1720	1	2023-09-01	2023-12-08	5	12	1	2	5	5
1721	1	2023-09-14	2023-12-21	1	8	3	1	5	4
1722	0	2023-09-05	2023-12-19	10	6	2	2	6	2
1723	0	2023-09-05	2023-12-19	3	7	1	2	3	2
1724	0	2023-09-05	2023-12-19	2	10	1	2	8	2
1725	0	2023-09-05	2023-12-19	5	12	2	2	5	2
1726	0	2023-09-06	2023-12-20	6	6	3	2	6	3
1727	0	2023-09-06	2023-12-20	3	9	3	2	7	3
1728	0	2023-09-06	2023-12-20	3	10	1	2	8	3
1729	0	2023-09-07	2023-12-21	6	7	4	2	3	4
1730	0	2023-09-07	2023-12-21	8	9	4	2	7	4
1731	0	2023-09-01	2023-12-15	1	7	2	1	3	5
1732	0	2023-09-04	2023-12-18	5	12	3	2	5	1
1733	1	2023-09-13	2024-01-03	3	1	5	2	1	3
1735	1	2023-09-13	2024-01-03	2	19	5	2	4	3
1736	1	2023-09-11	2024-01-01	10	15	5	2	9	1
1734	1	2023-09-13	2024-01-03	4	16	3	1	4	3
1738	1	2023-09-11	2024-01-01	8	18	5	2	7	1
1739	1	2023-09-14	2024-01-04	6	15	2	2	9	4
1741	1	2023-09-14	2024-01-04	10	14	2	2	3	4
1742	1	2023-09-14	2024-01-04	3	19	3	2	4	4
1743	1	2023-09-12	2024-01-02	2	13	4	2	10	2
1744	1	2023-09-12	2024-01-02	3	16	4	2	4	2
1737	1	2023-09-11	2024-01-01	11	1	4	1	4	1
1746	2	2023-09-06	2023-12-27	3	1	5	2	1	3
1748	2	2023-09-06	2023-12-27	2	19	5	2	4	3
1749	2	2023-09-04	2023-12-25	10	15	5	2	9	1
1757	2	2023-09-05	2023-12-26	4	13	3	1	10	2
1751	2	2023-09-04	2023-12-25	8	18	5	2	7	1
1752	2	2023-09-07	2023-12-28	6	15	2	2	9	4
1753	2	2023-09-07	2023-12-28	10	14	2	2	3	4
1754	2	2023-09-07	2023-12-28	3	19	3	2	4	4
1756	2	2023-09-05	2023-12-26	3	16	4	2	12	2
1758	2	2023-09-05	2023-12-26	2	13	4	2	10	2
1759	2	2023-09-08	2023-12-29	2	1	5	2	1	5
1760	2	2023-09-04	2023-12-25	2	14	3	2	3	1
1750	2	2023-09-04	2023-12-25	11	18	4	1	7	1
1761	2	2023-09-05	2023-12-26	3	15	2	2	11	2
1747	2	2023-09-06	2023-12-27	4	19	3	1	4	3
1762	2	2023-09-07	2023-12-28	3	18	2	2	7	4
1755	2	2023-09-07	2023-12-28	4	17	1	1	5	4
1763	1	2023-09-14	2024-01-04	3	16	2	2	12	4
1740	1	2023-09-14	2024-01-04	4	14	1	1	3	4
1764	1	2023-09-12	2024-01-02	3	13	2	2	10	2
1745	1	2023-09-12	2024-01-02	4	15	3	1	11	2
1765	1	2023-09-01	2023-12-22	2	15	5	2	11	5
1766	0	2023-09-01	2023-12-29	2	19	4	2	4	5
1767	2	2023-09-04	2023-12-11	2	15	2	2	9	1
1802	0	2023-09-06	2023-01-03	3	20	4	2	12	3
1769	2	2023-09-04	2023-12-11	10	48	4	2	14	1
1771	0	2023-09-07	2023-12-21	2	15	1	2	9	4
1803	0	2023-09-01	2023-12-22	2	26	3	2	12	5
1773	0	2023-09-06	2023-12-20	2	21	2	2	11	3
1774	1	2023-09-11	2023-12-18	2	20	2	2	13	1
1775	1	2023-09-11	2023-12-18	10	48	3	2	14	1
1777	1	2023-09-11	2023-12-18	3	15	3	2	9	1
1778	1	2023-09-11	2023-12-18	2	20	4	2	13	1
1776	1	2023-09-14	2023-12-21	4	48	2	1	14	4
1779	0	2023-09-06	2023-12-20	3	15	2	2	9	3
1780	0	2023-09-06	2023-12-20	10	48	2	2	14	3
1781	0	2023-09-04	2023-12-18	10	48	2	2	14	1
1772	0	2023-09-04	2023-12-18	4	15	1	1	11	1
1782	0	2023-09-04	2023-12-18	3	21	2	2	11	1
1783	0	2023-09-07	2023-12-21	3	15	1	2	11	4
1784	0	2023-09-07	2023-12-21	6	21	3	2	11	4
1768	2	2023-09-04	2023-12-11	4	20	3	1	13	1
1785	2	2023-09-04	2023-12-11	2	15	4	2	11	1
1786	2	2023-09-07	2023-12-14	2	20	3	2	13	4
1770	2	2023-09-07	2023-12-14	4	21	2	1	11	4
1787	1	2023-09-13	2023-12-20	2	24	1	2	9	3
1834	2	2023-09-06	2023-12-27	2	20	4	2	10	3
1789	1	2023-09-13	2023-12-20	2	20	3	2	10	3
1790	1	2023-09-01	2023-12-22	2	24	2	2	9	5
1795	2	2023-09-08	2023-12-15	4	48	3	1	14	5
1792	2	2023-09-06	2023-12-27	2	24	1	2	9	3
1793	2	2023-09-06	2023-12-27	2	20	3	2	10	3
1794	2	2023-09-08	2023-12-15	2	24	2	2	9	5
1835	2	2023-09-04	2023-11-27	3	37	3	2	7	1
1797	0	2023-09-04	2023-12-25	2	48	5	2	14	1
1798	0	2023-09-06	2023-12-27	10	48	4	2	14	3
1833	0	2023-09-01	2023-12-22	18	25	2	2	14	5
1800	0	2023-09-07	2023-12-28	1	25	4	2	14	4
1801	0	2023-09-04	2023-01-01	2	20	1	2	12	1
1804	0	2023-09-01	2023-12-22	3	26	3	2	4	5
1805	1	2023-09-13	2024-01-03	12	26	5	2	12	3
1820	2	2023-09-06	2023-12-29	17	27	4	2	6	3
1808	2	2023-09-06	2023-12-27	14	26	4	2	4	3
1809	0	2023-09-01	2023-12-22	3	20	2	2	12	5
1810	0	2023-09-07	2023-12-28	2	26	2	2	4	4
1806	1	2023-09-14	2024-01-04	13	20	4	1	13	4
1811	1	2023-09-11	2024-01-01	2	26	3	2	4	1
1807	1	2023-09-01	2023-12-22	4	26	1	1	4	5
1812	1	2023-09-11	2023-12-04	10	31	4	2	6	1
1813	1	2023-09-01	2023-12-01	15	27	1	2	6	5
1814	1	2023-09-12	2023-12-05	5	30	1	2	13	2
1815	1	2023-09-12	2023-12-05	16	28	2	1	8	2
1816	1	2023-09-13	2023-12-06	5	30	1	2	13	3
1817	1	2023-09-13	2023-12-06	5	32	3	2	15	3
1818	1	2023-09-13	2023-12-06	5	29	2	2	4	3
1819	2	2023-09-04	2023-12-27	1	31	4	1	6	1
1821	2	2023-09-06	2023-11-29	5	30	1	1	13	3
1822	2	2023-09-06	2023-11-29	5	30	2	2	13	3
1823	2	2023-09-06	2023-11-29	5	32	3	1	15	3
1824	2	2023-09-08	2023-12-01	1	27	1	1	6	5
1825	2	2023-09-05	2023-11-28	16	29	3	1	4	2
1826	2	2023-09-05	2023-11-28	5	29	4	2	4	2
1827	2	2023-09-05	2023-11-28	16	33	2	1	8	2
1828	0	2023-09-04	2023-12-04	9	28	5	2	8	1
1829	0	2023-09-01	2023-12-01	6	28	2	2	8	5
1830	0	2023-09-01	2023-12-01	6	33	3	2	8	5
1796	0	2023-09-04	2023-12-25	4	24	4	1	15	1
1831	0	2023-09-07	2023-12-28	2	24	4	2	15	4
1799	0	2023-09-07	2023-12-28	4	25	3	1	14	4
1832	0	2023-09-06	2023-12-27	10	48	3	2	14	3
1788	1	2023-09-13	2023-12-20	4	20	2	1	10	3
1791	1	2023-09-01	2023-12-22	4	48	4	1	14	5
1836	2	2023-09-04	2023-11-27	9	35	4	2	8	1
1837	2	2023-09-06	2023-12-29	1	37	5	1	7	3
1838	2	2023-09-07	2023-11-30	19	34	3	1	7	4
1839	2	2023-09-08	2023-12-01	3	35	5	2	8	5
1840	1	2023-09-13	2023-12-06	10	37	5	2	7	3
1841	1	2023-09-14	2023-12-07	2	34	3	2	7	4
1842	1	2023-09-14	2023-12-07	1	35	2	1	8	4
1843	1	2023-09-01	2023-11-24	3	37	5	2	7	5
1844	1	2023-09-12	2023-12-05	1	36	3	1	8	2
1845	0	2023-09-07	2023-12-07	3	37	5	2	7	4
1846	0	2023-09-07	2023-12-07	17	35	4	2	8	4
1847	0	2023-09-05	2023-12-05	9	35	4	2	8	2
1848	0	2023-09-06	2023-12-06	8	36	4	2	8	3
1849	0	2023-09-01	2023-12-01	3	36	4	2	8	5
1850	1	2023-09-12	2023-12-19	2	39	2	2	12	2
1851	2	2023-09-05	2023-12-26	2	39	2	2	12	2
1853	0	2023-09-04	2023-12-25	3	38	1	2	13	1
1854	0	2023-09-05	2023-12-26	2	38	3	2	13	2
1878	1	2023-09-14	2023-12-07	8	40	2	2	11	4
1857	0	2023-09-05	2023-12-26	3	38	3	2	12	2
1879	1	2023-09-11	2023-12-04	23	42	2	2	8	1
1858	0	2023-09-01	2023-12-22	8	38	1	2	12	5
1880	0	2023-09-04	2023-12-04	5	43	2	2	4	1
1859	2	2023-09-08	2023-12-15	5	39	3	2	7	5
1860	1	2023-09-01	2023-12-22	5	39	3	2	7	5
1861	0	2023-09-07	2023-12-28	8	38	3	2	12	4
1862	0	2023-09-07	2023-12-28	9	38	2	2	13	4
1855	0	2023-09-05	2023-12-26	21	38	5	1	13	2
1856	0	2023-09-05	2023-12-26	22	39	6	1	7	2
1852	2	2023-09-04	2023-12-25	20	38	5	1	13	1
1863	2	2023-09-08	2023-12-15	10	39	5	2	7	5
1864	1	2023-09-13	2023-12-20	8	39	1	2	7	3
1865	0	2023-09-04	2023-12-11	10	41	1	2	3	1
1866	0	2023-09-06	2023-12-13	9	41	3	2	3	3
1867	0	2023-09-06	2023-12-13	5	24	4	2	15	3
1868	0	2023-09-07	2023-12-14	5	24	3	2	15	4
1869	0	2023-09-07	2023-12-14	8	42	1	2	8	4
1870	0	2023-09-05	2023-12-12	10	40	1	2	11	2
1871	2	2023-09-05	2023-12-12	1	41	2	1	3	2
1872	2	2023-09-05	2023-12-12	5	24	3	1	15	2
1873	2	2023-09-06	2023-12-13	10	40	5	2	11	3
1874	2	2023-09-04	2023-12-11	1	42	2	1	8	1
1875	2	2023-09-07	2023-12-14	8	42	2	2	8	4
1876	1	2023-09-12	2023-12-05	5	24	3	2	15	2
1877	1	2023-09-12	2023-12-05	1	40	2	1	11	2
1881	0	2023-09-05	2023-12-05	10	44	4	2	14	2
1882	0	2023-09-06	2023-12-06	15	45	4	2	11	3
1883	0	2023-09-06	2023-12-06	8	46	3	2	8	3
1884	1	2023-09-12	2023-12-05	16	43	3	1	4	2
1885	1	2023-09-12	2023-12-05	1	47	5	1	7	2
1886	1	2023-09-11	2023-12-04	24	47	3	2	7	1
1887	1	2023-09-01	2023-12-01	1	45	4	1	11	5
1888	1	2023-09-01	2023-12-01	10	46	5	2	8	5
1889	2	2023-09-05	2023-11-28	2	47	5	2	7	2
1890	2	2023-09-05	2023-11-28	1	44	3	1	14	2
1891	2	2023-09-04	2023-11-27	25	46	1	1	8	1
\.


--
-- Data for Name: check_lesson_subgroup; Type: TABLE DATA; Schema: public; Owner: django_admin
--

COPY public.check_lesson_subgroup (id, lesson_id, subgroup_id) FROM stdin;
2270	1690	63
2271	1691	65
2272	1692	64
2273	1693	63
2274	1694	65
2275	1695	64
2276	1696	65
2277	1697	63
2278	1698	64
2279	1699	65
2280	1700	65
2281	1701	64
2282	1702	63
2283	1703	63
2284	1704	65
2285	1705	64
2286	1706	63
2287	1707	64
2288	1708	68
2289	1709	67
2290	1710	66
2291	1711	68
2292	1712	67
2293	1713	66
2294	1714	68
2295	1715	66
2296	1716	67
2297	1717	68
2298	1718	68
2299	1719	66
2300	1720	67
2301	1721	68
2302	1722	66
2303	1723	67
2304	1724	66
2305	1725	67
2306	1726	67
2307	1727	66
2308	1728	67
2309	1729	66
2310	1730	67
2311	1731	68
2312	1732	66
2313	1733	70
2314	1734	71
2315	1735	69
2316	1736	70
2317	1737	71
2318	1738	69
2319	1739	69
2320	1740	71
2321	1741	70
2322	1742	70
2323	1743	69
2324	1744	70
2325	1745	71
2326	1746	69
2327	1747	71
2328	1748	70
2329	1749	69
2330	1750	71
2331	1751	70
2332	1752	70
2333	1753	69
2334	1754	69
2335	1755	71
2336	1756	69
2337	1757	71
2338	1758	70
2339	1759	72
2340	1760	72
2341	1750	72
2342	1757	72
2343	1761	72
2344	1747	72
2345	1762	72
2346	1755	72
2347	1763	72
2348	1740	72
2349	1764	72
2350	1745	72
2351	1737	72
2352	1734	72
2353	1765	72
2354	1766	72
2355	1767	73
2356	1768	73
2357	1769	73
2358	1770	73
2359	1771	73
2360	1772	73
2361	1773	73
2362	1774	73
2363	1775	73
2364	1776	73
2365	1777	75
2366	1778	75
2367	1776	76
2368	1779	75
2369	1780	74
2370	1781	75
2371	1772	76
2372	1782	74
2373	1783	74
2374	1784	75
2375	1768	76
2376	1785	74
2377	1786	74
2378	1770	76
2379	1787	78
2380	1788	79
2381	1789	78
2382	1790	77
2383	1791	79
2384	1792	77
2385	1793	77
2386	1794	78
2387	1795	79
2388	1796	79
2389	1797	77
2390	1798	78
2391	1799	79
2392	1800	79
2393	1801	81
2394	1802	80
2395	1803	80
2396	1804	81
2397	1805	80
2398	1806	82
2399	1807	82
2400	1808	81
2401	1809	83
2402	1810	83
2403	1806	83
2404	1811	83
2405	1807	83
2406	1812	84
2407	1813	84
2408	1814	84
2409	1815	84
2410	1816	84
2411	1817	84
2412	1818	84
2413	1819	84
2414	1820	84
2415	1821	84
2416	1822	84
2417	1823	84
2418	1824	84
2419	1825	84
2420	1826	84
2421	1827	84
2422	1828	84
2423	1829	84
2424	1830	84
2425	1796	85
2426	1831	85
2427	1799	85
2428	1832	85
2429	1833	85
2430	1788	85
2431	1791	85
2432	1834	85
2433	1795	85
2434	1835	86
2435	1836	86
2436	1837	86
2437	1838	86
2438	1839	86
2439	1840	86
2440	1841	86
2441	1842	86
2442	1843	86
2443	1844	86
2444	1845	86
2445	1846	86
2446	1847	86
2447	1848	86
2448	1849	86
2449	1850	87
2450	1851	88
2451	1852	89
2452	1853	87
2453	1854	88
2454	1855	89
2455	1856	89
2456	1857	91
2457	1855	92
2458	1856	92
2459	1858	90
2460	1852	92
2461	1859	91
2462	1860	90
2463	1861	94
2464	1862	93
2465	1855	95
2466	1856	95
2467	1852	95
2468	1863	93
2469	1864	94
2470	1865	96
2471	1866	96
2472	1867	96
2473	1868	96
2474	1869	96
2475	1870	96
2476	1871	96
2477	1872	96
2478	1873	96
2479	1874	96
2480	1875	96
2481	1876	96
2482	1877	96
2483	1878	96
2484	1879	96
2485	1880	97
2486	1881	97
2487	1882	97
2488	1883	97
2489	1884	97
2490	1885	97
2491	1886	97
2492	1887	97
2493	1888	97
2494	1889	97
2495	1890	97
2496	1891	97
\.


--
-- Data for Name: check_lessontime; Type: TABLE DATA; Schema: public; Owner: django_admin
--

COPY public.check_lessontime (id, lesson_number, start_time, end_time) FROM stdin;
6	6	17:30:00	19:00:00
5	5	15:55:00	17:20:00
4	4	14:15:00	15:45:00
3	3	12:35:00	14:05:00
2	2	10:35:00	12:05:00
1	1	08:50:00	10:20:00
\.


--
-- Data for Name: check_lessontype; Type: TABLE DATA; Schema: public; Owner: django_admin
--

COPY public.check_lessontype (id, lesson_type) FROM stdin;
1	Лекция
2	Практика
\.


--
-- Data for Name: check_myfiles; Type: TABLE DATA; Schema: public; Owner: django_admin
--

COPY public.check_myfiles (id, file, file_type, year, semester, directory_path) FROM stdin;
99	Распис..23-24(33)осень_ибио.xls	class_rasp	2023-2024	spring	D:\\django_projects\\schedule\\rasp\\media\\upl_files\\2023-2024_spring
87	Распис..23-24(33)осень_ибио.xls	class_rasp	2023-2024	autumn	D:\\django_projects\\schedule\\rasp\\media\\upl_files\\2023-2024_autumn
88	итог Нагрузка от11.09.2023-24 в 15.46.xlsx	workload	2023-2024	autumn	D:\\django_projects\\schedule\\rasp\\media\\upl_files\\2023-2024_autumn
90	4-kurs-gf-fpms-got-5.03.pdf	class_pdf	2023-2024	autumn	D:\\django_projects\\schedule\\rasp\\media\\pdf_files\\2023-2024_autumn
91	4-kurs-strf-ibio-ekf-got-18.03.pdf	class_pdf	2023-2024	autumn	D:\\django_projects\\schedule\\rasp\\media\\pdf_files\\2023-2024_autumn
92	4-kurs-grf-ngf-got-11.03.pdf	class_pdf	2023-2024	autumn	D:\\django_projects\\schedule\\rasp\\media\\pdf_files\\2023-2024_autumn
93	4-kurs-mmf-enf-got-4.04.pdf	class_pdf	2023-2024	autumn	D:\\django_projects\\schedule\\rasp\\media\\pdf_files\\2023-2024_autumn
97	БДзс.22-23(33).xls	exam_rasp	2023-2024	autumn	D:\\django_projects\\schedule\\rasp\\media\\upl_files\\2023-2024_autumn
98	Сведения к составлению расписания.xlsx	sved	2023-2024	autumn	D:\\django_projects\\schedule\\rasp\\media\\upl_files\\2023-2024_autumn
94	report_class_rasp.xml	fail	2023-2024	autumn	D:\\django_projects\\schedule\\rasp\\media\\create_xml\\2023-2024_autumn
96	report_exam_rasp.xml	success	2023-2024	autumn	D:\\django_projects\\schedule\\rasp\\media\\create_xml\\2023-2024_autumn
\.


--
-- Data for Name: check_position; Type: TABLE DATA; Schema: public; Owner: django_admin
--

COPY public.check_position (id, "position") FROM stdin;
4	Старший преподаватель
2	Доцент
1	Ассистент
3	Профессор
\.


--
-- Data for Name: check_qualification; Type: TABLE DATA; Schema: public; Owner: django_admin
--

COPY public.check_qualification (id, qualification) FROM stdin;
3	Специалитет
2	Магистратура
1	Бакалавриат
\.


--
-- Data for Name: check_subgroup; Type: TABLE DATA; Schema: public; Owner: django_admin
--

COPY public.check_subgroup (id, subgroup_number, group_id) FROM stdin;
63	1	2
64	2	2
65	0	2
66	1	3
67	2	3
68	0	3
69	1	4
70	2	4
71	0	4
72	0	5
73	0	6
74	1	7
75	2	7
76	0	7
77	1	8
78	2	8
79	0	8
80	1	9
81	2	9
82	0	9
83	0	10
84	0	11
85	0	12
86	0	13
87	1	14
88	2	14
89	0	14
90	1	15
91	2	15
92	0	15
93	1	16
94	2	16
95	0	16
96	0	17
97	0	18
\.


--
-- Data for Name: check_teacher; Type: TABLE DATA; Schema: public; Owner: django_admin
--

COPY public.check_teacher (id, full_name, department_id, position_id, short_name) FROM stdin;
1		1	1	Киба М.Р.
2		1	3	Макаров А.А.
3		1	2	Кузьмин К.И.
4		1	2	Соколов О.Б.
5		1	4	Жуковский В.Е.
6		1	2	Анкудинов И.Г.
7		1	2	Ямпольский В.Л.
8		1	3	Трофимец В.Я.
9		1	1	Матрохина К.В.
10		1	2	Медведев В.А.
11		1	3	Иванова И.В.
12		1	1	Смирнов А.И.
13		1	2	Гурко А.В.
14		1	3	Бригаднов И.А.
15		1	2	Мазаков Е.Б.
\.


--
-- Data for Name: check_weekday; Type: TABLE DATA; Schema: public; Owner: django_admin
--

COPY public.check_weekday (id, weekday) FROM stdin;
6	сб
5	пт
4	чт
3	ср
2	вт
1	пн
\.


--
-- Data for Name: django_admin_log; Type: TABLE DATA; Schema: public; Owner: django_admin
--

COPY public.django_admin_log (id, action_time, object_id, object_repr, action_flag, change_message, content_type_id, user_id) FROM stdin;
1	2024-05-25 00:54:40.658941+03	3	MyFiles object (3)	3		7	1
2	2024-05-26 05:29:22.630083+03	24	MyFiles object (24)	3		7	1
3	2024-05-26 05:29:22.648746+03	23	MyFiles object (23)	3		7	1
4	2024-05-26 05:29:22.650766+03	22	MyFiles object (22)	3		7	1
5	2024-05-26 05:29:22.652858+03	21	MyFiles object (21)	3		7	1
6	2024-05-26 05:47:29.923367+03	28	MyFiles object (28)	3		7	1
7	2024-05-26 05:47:29.944934+03	27	MyFiles object (27)	3		7	1
8	2024-05-26 05:47:29.94686+03	26	MyFiles object (26)	3		7	1
9	2024-05-26 05:47:29.948874+03	25	MyFiles object (25)	3		7	1
10	2024-05-26 07:17:34.070661+03	5	MyFiles object (5)	3		7	1
11	2024-05-26 07:17:34.080683+03	4	MyFiles object (4)	3		7	1
12	2024-05-26 07:17:34.083662+03	3	MyFiles object (3)	3		7	1
13	2024-05-26 07:17:34.085663+03	2	MyFiles object (2)	3		7	1
14	2024-05-26 07:17:34.088685+03	1	MyFiles object (1)	3		7	1
15	2024-05-26 07:23:51.718818+03	8	MyFiles object (8)	3		7	1
16	2024-05-26 07:23:51.723819+03	7	MyFiles object (7)	3		7	1
17	2024-05-26 07:23:51.725822+03	6	MyFiles object (6)	3		7	1
18	2024-05-27 06:21:02.349931+03	12	MyFiles object (12)	3		7	1
19	2024-05-27 06:21:02.371158+03	9	MyFiles object (9)	3		7	1
20	2024-05-27 06:21:02.373159+03	14	MyFiles object (14)	3		7	1
21	2024-05-27 06:21:02.374442+03	13	MyFiles object (13)	3		7	1
22	2024-05-27 06:21:02.376594+03	11	MyFiles object (11)	3		7	1
23	2024-05-27 06:21:02.377592+03	10	MyFiles object (10)	3		7	1
24	2024-05-27 06:21:02.379274+03	16	MyFiles object (16)	3		7	1
25	2024-05-27 06:21:02.380552+03	15	MyFiles object (15)	3		7	1
26	2024-05-27 06:21:02.381477+03	18	MyFiles object (18)	3		7	1
27	2024-05-27 06:21:02.382274+03	17	MyFiles object (17)	3		7	1
28	2024-05-27 06:53:17.40672+03	21	MyFiles object (21)	3		7	1
29	2024-05-27 06:53:17.410718+03	20	MyFiles object (20)	3		7	1
30	2024-05-27 06:53:17.41272+03	19	MyFiles object (19)	3		7	1
31	2024-05-27 07:07:29.162654+03	25	MyFiles object (25)	3		7	1
32	2024-05-27 07:07:29.1679+03	24	MyFiles object (24)	3		7	1
33	2024-05-27 07:07:29.169749+03	23	MyFiles object (23)	3		7	1
34	2024-05-27 07:07:29.170747+03	22	MyFiles object (22)	3		7	1
35	2024-05-29 07:23:04.497364+03	33	MyFiles object (33)	3		7	1
36	2024-05-29 07:23:04.509367+03	32	MyFiles object (32)	3		7	1
37	2024-05-29 21:40:06.946033+03	26	MyFiles object (26)	3		7	1
38	2024-05-29 21:57:55.330474+03	39	MyFiles object (39)	3		7	1
39	2024-05-29 22:18:44.372792+03	35	MyFiles object (35)	3		7	1
40	2024-05-29 22:18:44.414413+03	34	MyFiles object (34)	3		7	1
41	2024-05-30 00:00:41.17773+03	43	MyFiles object (43)	3		7	1
42	2024-05-30 00:00:41.186731+03	42	MyFiles object (42)	3		7	1
43	2024-05-30 00:01:53.183165+03	44	MyFiles object (44)	3		7	1
44	2024-05-30 00:01:53.187521+03	41	MyFiles object (41)	3		7	1
45	2024-05-30 00:01:53.188603+03	40	MyFiles object (40)	3		7	1
46	2024-05-30 00:01:53.189602+03	38	MyFiles object (38)	3		7	1
47	2024-05-30 00:01:53.190769+03	37	MyFiles object (37)	3		7	1
48	2024-05-30 00:01:53.191984+03	36	MyFiles object (36)	3		7	1
49	2024-05-30 00:01:53.19279+03	31	MyFiles object (31)	3		7	1
50	2024-05-30 00:01:53.19279+03	30	MyFiles object (30)	3		7	1
51	2024-05-30 00:01:53.193789+03	29	MyFiles object (29)	3		7	1
52	2024-05-30 00:01:53.194788+03	28	MyFiles object (28)	3		7	1
53	2024-05-30 00:01:53.195437+03	27	MyFiles object (27)	3		7	1
54	2024-05-30 00:18:06.783147+03	49	MyFiles object (49)	3		7	1
55	2024-05-30 00:18:06.796096+03	48	MyFiles object (48)	3		7	1
56	2024-05-30 03:32:29.095711+03	51	MyFiles object (51)	3		7	1
57	2024-05-30 03:33:57.315273+03	50	MyFiles object (50)	3		7	1
58	2024-05-30 03:33:57.359886+03	47	MyFiles object (47)	3		7	1
59	2024-05-30 03:33:57.362888+03	46	MyFiles object (46)	3		7	1
60	2024-05-30 03:33:57.365625+03	45	MyFiles object (45)	3		7	1
61	2024-05-31 03:21:46.522306+03	56	MyFiles object (56)	3		7	1
62	2024-05-31 03:21:46.536306+03	55	MyFiles object (55)	3		7	1
63	2024-05-31 05:30:17.321409+03	54	MyFiles object (54)	3		7	1
64	2024-05-31 05:31:13.641442+03	61	MyFiles object (61)	3		7	1
65	2024-05-31 08:30:52.984229+03	63	MyFiles object (63)	3		7	1
66	2024-05-31 08:30:52.99123+03	62	MyFiles object (62)	3		7	1
67	2024-05-31 08:30:52.992233+03	60	MyFiles object (60)	3		7	1
68	2024-05-31 08:30:52.994232+03	59	MyFiles object (59)	3		7	1
69	2024-05-31 08:30:52.995232+03	58	MyFiles object (58)	3		7	1
70	2024-05-31 08:30:52.996232+03	57	MyFiles object (57)	3		7	1
71	2024-05-31 08:30:52.997231+03	53	MyFiles object (53)	3		7	1
72	2024-05-31 08:30:52.998233+03	52	MyFiles object (52)	3		7	1
73	2024-05-31 08:32:29.51593+03	65	MyFiles object (65)	3		7	1
74	2024-05-31 08:32:29.52493+03	64	MyFiles object (64)	3		7	1
75	2024-05-31 09:43:40.75063+03	75	MyFiles object (75)	3		7	1
76	2024-05-31 09:43:40.755631+03	74	MyFiles object (74)	3		7	1
77	2024-06-02 04:00:48.499989+03	70	MyFiles object (70)	3		7	1
78	2024-06-02 05:13:08.971776+03	80	MyFiles object (80)	3		7	1
79	2024-06-02 05:13:08.981773+03	79	MyFiles object (79)	3		7	1
80	2024-06-02 05:13:08.987569+03	78	MyFiles object (78)	3		7	1
81	2024-06-02 05:13:08.988527+03	77	MyFiles object (77)	3		7	1
82	2024-06-02 05:13:08.988527+03	76	MyFiles object (76)	3		7	1
83	2024-06-02 05:13:08.988527+03	73	MyFiles object (73)	3		7	1
84	2024-06-02 05:13:08.988527+03	72	MyFiles object (72)	3		7	1
85	2024-06-02 05:13:08.988527+03	71	MyFiles object (71)	3		7	1
86	2024-06-02 05:13:08.988527+03	69	MyFiles object (69)	3		7	1
87	2024-06-02 05:13:08.988527+03	68	MyFiles object (68)	3		7	1
88	2024-06-02 05:13:08.988527+03	67	MyFiles object (67)	3		7	1
89	2024-06-02 05:13:08.988527+03	66	MyFiles object (66)	3		7	1
90	2024-06-02 19:28:57.931001+03	1	Faculty object (1)	3		24	1
91	2024-06-06 10:25:26.017304+03	86	MyFiles object (86)	3		7	1
92	2024-06-06 10:25:26.036695+03	85	MyFiles object (85)	3		7	1
93	2024-06-06 10:25:26.038695+03	84	MyFiles object (84)	3		7	1
94	2024-06-06 10:25:26.039694+03	83	MyFiles object (83)	3		7	1
95	2024-06-06 10:25:26.040694+03	82	MyFiles object (82)	3		7	1
96	2024-06-06 10:25:26.041744+03	81	MyFiles object (81)	3		7	1
\.


--
-- Data for Name: django_content_type; Type: TABLE DATA; Schema: public; Owner: django_admin
--

COPY public.django_content_type (id, app_label, model) FROM stdin;
1	admin	logentry
2	auth	permission
3	auth	group
4	auth	user
5	contenttypes	contenttype
6	sessions	session
7	check	myfiles
8	check	directory
9	check	lessontypes
10	check	lessons
11	check	groups
12	check	qualifications
13	check	departments
14	check	subgroups
15	check	exams
16	check	teachers
17	check	classrooms
18	check	weekdays
19	check	examtime
20	check	faculties
21	check	lessontime
22	check	positions
23	check	disciplines
24	check	faculty
25	check	classroom
26	check	department
27	check	discipline
28	check	lessontype
29	check	position
30	check	qualification
31	check	weekday
32	check	group
33	check	subgroup
34	check	teacher
35	check	exam
36	check	lesson
\.


--
-- Data for Name: django_migrations; Type: TABLE DATA; Schema: public; Owner: django_admin
--

COPY public.django_migrations (id, app, name, applied) FROM stdin;
1	contenttypes	0001_initial	2024-05-23 08:56:38.6331+03
2	auth	0001_initial	2024-05-23 08:56:38.835312+03
3	admin	0001_initial	2024-05-23 08:56:38.891839+03
4	admin	0002_logentry_remove_auto_add	2024-05-23 08:56:38.904838+03
5	admin	0003_logentry_add_action_flag_choices	2024-05-23 08:56:38.914839+03
6	contenttypes	0002_remove_content_type_name	2024-05-23 08:56:38.93583+03
7	auth	0002_alter_permission_name_max_length	2024-05-23 08:56:38.977834+03
8	auth	0003_alter_user_email_max_length	2024-05-23 08:56:38.997834+03
9	auth	0004_alter_user_username_opts	2024-05-23 08:56:39.007857+03
10	auth	0005_alter_user_last_login_null	2024-05-23 08:56:39.018836+03
11	auth	0006_require_contenttypes_0002	2024-05-23 08:56:39.02126+03
12	auth	0007_alter_validators_add_error_messages	2024-05-23 08:56:39.031858+03
13	auth	0008_alter_user_username_max_length	2024-05-23 08:56:39.058948+03
14	auth	0009_alter_user_last_name_max_length	2024-05-23 08:56:39.068946+03
15	auth	0010_alter_group_name_max_length	2024-05-23 08:56:39.082066+03
16	auth	0011_update_proxy_permissions	2024-05-23 08:56:39.093484+03
17	auth	0012_alter_user_first_name_max_length	2024-05-23 08:56:39.101047+03
19	sessions	0001_initial	2024-05-23 08:56:39.131506+03
36	check	0001_initial	2024-06-08 01:48:39.87687+03
37	check	0002_exam	2024-06-08 01:49:22.090497+03
\.


--
-- Data for Name: django_session; Type: TABLE DATA; Schema: public; Owner: django_admin
--

COPY public.django_session (session_key, session_data, expire_date) FROM stdin;
x6p6za8bpi0jisefcx3fj7ffdd2950oe	.eJxljMsOwiAUBf-FdUPKo1S6dO8XGEPgcrVVAkmBhTH-u23ahcbtnJnzIsbWMpqacTaTJwNhpPlmzsID4zr4u423RCHFMk-Orgrd10xPyWM47u7PwWjzuNSaS86QS3Ztnet73qN32ireSVAgUSBjzmrRCdCKe66EYCDadomYPnTOLqdXCzWUCTMZzpeGZAwIBb3Z-JMMsYbQEEh1zn_SRjfn_QG9_FHx:1sEVzV:gX2lpTx6a_pPa-u8YLukfH7swaN8_lP00wYezyVHp0s	2024-06-18 18:22:25.645032+03
va654p34bmexzjfzak89l0zygz6dbl9t	.eJxVjEEOgjAQRe_StWk601KsS_ecoZmZjoIaSCisjHcXEha6_e-9_zaZ1qXPa9U5D8VcDJjT78YkTx13UB403icr07jMA9tdsQettpuKvq6H-3fQU-23OmFAUAxwc8xti60WThSxCRIlqFcApuQbLyliweg9iHduiyCdGybz-QLFPzbG:1sJ2KP:SELewmkrb5oDRI9RvPX3iL2azvSzdLzL0hz3hiMedz4	2024-07-01 05:42:41.119959+03
sg68tgbqn3ef2i0jsp03kjt3ujl7x977	.eJxVjEEOgjAQRe_StWk601KsS_ecoZmZjoIaSCisjHcXEha6_e-9_zaZ1qXPa9U5D8VcDJjT78YkTx13UB403icr07jMA9tdsQettpuKvq6H-3fQU-23OmFAUAxwc8xti60WThSxCRIlqFcApuQbLyliweg9iHduiyCdGybz-QLFPzbG:1sJ2SQ:iLJiWhgJx5whjtEj5BAlEJvKr86QQUKItUVsBCFVZWs	2024-07-01 05:50:58.913059+03
ppx4gu4yqpxf5ciopvgkewv0qooovsry	.eJxVjEEOgjAQRe_StWk601KsS_ecoZmZjoIaSCisjHcXEha6_e-9_zaZ1qXPa9U5D8VcDJjT78YkTx13UB403icr07jMA9tdsQettpuKvq6H-3fQU-23OmFAUAxwc8xti60WThSxCRIlqFcApuQbLyliweg9iHduiyCdGybz-QLFPzbG:1sJBKP:0Wxk2b11odvTtK1duMo2z5oeWLbDDnRDuKqMEFgKSuU	2024-07-01 15:19:17.867642+03
\.


--
-- Name: auth_group_id_seq; Type: SEQUENCE SET; Schema: public; Owner: django_admin
--

SELECT pg_catalog.setval('public.auth_group_id_seq', 1, false);


--
-- Name: auth_group_permissions_id_seq; Type: SEQUENCE SET; Schema: public; Owner: django_admin
--

SELECT pg_catalog.setval('public.auth_group_permissions_id_seq', 1, false);


--
-- Name: auth_permission_id_seq; Type: SEQUENCE SET; Schema: public; Owner: django_admin
--

SELECT pg_catalog.setval('public.auth_permission_id_seq', 144, true);


--
-- Name: auth_user_groups_id_seq; Type: SEQUENCE SET; Schema: public; Owner: django_admin
--

SELECT pg_catalog.setval('public.auth_user_groups_id_seq', 1, false);


--
-- Name: auth_user_id_seq; Type: SEQUENCE SET; Schema: public; Owner: django_admin
--

SELECT pg_catalog.setval('public.auth_user_id_seq', 1, true);


--
-- Name: auth_user_user_permissions_id_seq; Type: SEQUENCE SET; Schema: public; Owner: django_admin
--

SELECT pg_catalog.setval('public.auth_user_user_permissions_id_seq', 1, false);


--
-- Name: check_classrooms_id_seq; Type: SEQUENCE SET; Schema: public; Owner: django_admin
--

SELECT pg_catalog.setval('public.check_classrooms_id_seq', 25, true);


--
-- Name: check_departments_id_seq; Type: SEQUENCE SET; Schema: public; Owner: django_admin
--

SELECT pg_catalog.setval('public.check_departments_id_seq', 1, false);


--
-- Name: check_disciplines_id_seq; Type: SEQUENCE SET; Schema: public; Owner: django_admin
--

SELECT pg_catalog.setval('public.check_disciplines_id_seq', 48, true);


--
-- Name: check_exam_id_seq; Type: SEQUENCE SET; Schema: public; Owner: django_admin
--

SELECT pg_catalog.setval('public.check_exam_id_seq', 257, true);


--
-- Name: check_examtime_id_seq; Type: SEQUENCE SET; Schema: public; Owner: django_admin
--

SELECT pg_catalog.setval('public.check_examtime_id_seq', 1, false);


--
-- Name: check_faculties_id_seq; Type: SEQUENCE SET; Schema: public; Owner: django_admin
--

SELECT pg_catalog.setval('public.check_faculties_id_seq', 2, true);


--
-- Name: check_groups_id_seq; Type: SEQUENCE SET; Schema: public; Owner: django_admin
--

SELECT pg_catalog.setval('public.check_groups_id_seq', 21, true);


--
-- Name: check_lessons_id_seq; Type: SEQUENCE SET; Schema: public; Owner: django_admin
--

SELECT pg_catalog.setval('public.check_lessons_id_seq', 1891, true);


--
-- Name: check_lessons_subgroup_id_seq; Type: SEQUENCE SET; Schema: public; Owner: django_admin
--

SELECT pg_catalog.setval('public.check_lessons_subgroup_id_seq', 2496, true);


--
-- Name: check_lessontime_id_seq; Type: SEQUENCE SET; Schema: public; Owner: django_admin
--

SELECT pg_catalog.setval('public.check_lessontime_id_seq', 1, false);


--
-- Name: check_lessontypes_id_seq; Type: SEQUENCE SET; Schema: public; Owner: django_admin
--

SELECT pg_catalog.setval('public.check_lessontypes_id_seq', 1, false);


--
-- Name: check_myfiles_id_seq; Type: SEQUENCE SET; Schema: public; Owner: django_admin
--

SELECT pg_catalog.setval('public.check_myfiles_id_seq', 99, true);


--
-- Name: check_positions_id_seq; Type: SEQUENCE SET; Schema: public; Owner: django_admin
--

SELECT pg_catalog.setval('public.check_positions_id_seq', 1, false);


--
-- Name: check_qualifications_id_seq; Type: SEQUENCE SET; Schema: public; Owner: django_admin
--

SELECT pg_catalog.setval('public.check_qualifications_id_seq', 1, false);


--
-- Name: check_subgroups_id_seq; Type: SEQUENCE SET; Schema: public; Owner: django_admin
--

SELECT pg_catalog.setval('public.check_subgroups_id_seq', 97, true);


--
-- Name: check_teachers_id_seq; Type: SEQUENCE SET; Schema: public; Owner: django_admin
--

SELECT pg_catalog.setval('public.check_teachers_id_seq', 15, true);


--
-- Name: check_weekdays_id_seq; Type: SEQUENCE SET; Schema: public; Owner: django_admin
--

SELECT pg_catalog.setval('public.check_weekdays_id_seq', 1, false);


--
-- Name: django_admin_log_id_seq; Type: SEQUENCE SET; Schema: public; Owner: django_admin
--

SELECT pg_catalog.setval('public.django_admin_log_id_seq', 96, true);


--
-- Name: django_content_type_id_seq; Type: SEQUENCE SET; Schema: public; Owner: django_admin
--

SELECT pg_catalog.setval('public.django_content_type_id_seq', 36, true);


--
-- Name: django_migrations_id_seq; Type: SEQUENCE SET; Schema: public; Owner: django_admin
--

SELECT pg_catalog.setval('public.django_migrations_id_seq', 37, true);


--
-- Name: auth_group auth_group_name_key; Type: CONSTRAINT; Schema: public; Owner: django_admin
--

ALTER TABLE ONLY public.auth_group
    ADD CONSTRAINT auth_group_name_key UNIQUE (name);


--
-- Name: auth_group_permissions auth_group_permissions_group_id_permission_id_0cd325b0_uniq; Type: CONSTRAINT; Schema: public; Owner: django_admin
--

ALTER TABLE ONLY public.auth_group_permissions
    ADD CONSTRAINT auth_group_permissions_group_id_permission_id_0cd325b0_uniq UNIQUE (group_id, permission_id);


--
-- Name: auth_group_permissions auth_group_permissions_pkey; Type: CONSTRAINT; Schema: public; Owner: django_admin
--

ALTER TABLE ONLY public.auth_group_permissions
    ADD CONSTRAINT auth_group_permissions_pkey PRIMARY KEY (id);


--
-- Name: auth_group auth_group_pkey; Type: CONSTRAINT; Schema: public; Owner: django_admin
--

ALTER TABLE ONLY public.auth_group
    ADD CONSTRAINT auth_group_pkey PRIMARY KEY (id);


--
-- Name: auth_permission auth_permission_content_type_id_codename_01ab375a_uniq; Type: CONSTRAINT; Schema: public; Owner: django_admin
--

ALTER TABLE ONLY public.auth_permission
    ADD CONSTRAINT auth_permission_content_type_id_codename_01ab375a_uniq UNIQUE (content_type_id, codename);


--
-- Name: auth_permission auth_permission_pkey; Type: CONSTRAINT; Schema: public; Owner: django_admin
--

ALTER TABLE ONLY public.auth_permission
    ADD CONSTRAINT auth_permission_pkey PRIMARY KEY (id);


--
-- Name: auth_user_groups auth_user_groups_pkey; Type: CONSTRAINT; Schema: public; Owner: django_admin
--

ALTER TABLE ONLY public.auth_user_groups
    ADD CONSTRAINT auth_user_groups_pkey PRIMARY KEY (id);


--
-- Name: auth_user_groups auth_user_groups_user_id_group_id_94350c0c_uniq; Type: CONSTRAINT; Schema: public; Owner: django_admin
--

ALTER TABLE ONLY public.auth_user_groups
    ADD CONSTRAINT auth_user_groups_user_id_group_id_94350c0c_uniq UNIQUE (user_id, group_id);


--
-- Name: auth_user auth_user_pkey; Type: CONSTRAINT; Schema: public; Owner: django_admin
--

ALTER TABLE ONLY public.auth_user
    ADD CONSTRAINT auth_user_pkey PRIMARY KEY (id);


--
-- Name: auth_user_user_permissions auth_user_user_permissions_pkey; Type: CONSTRAINT; Schema: public; Owner: django_admin
--

ALTER TABLE ONLY public.auth_user_user_permissions
    ADD CONSTRAINT auth_user_user_permissions_pkey PRIMARY KEY (id);


--
-- Name: auth_user_user_permissions auth_user_user_permissions_user_id_permission_id_14a6b632_uniq; Type: CONSTRAINT; Schema: public; Owner: django_admin
--

ALTER TABLE ONLY public.auth_user_user_permissions
    ADD CONSTRAINT auth_user_user_permissions_user_id_permission_id_14a6b632_uniq UNIQUE (user_id, permission_id);


--
-- Name: auth_user auth_user_username_key; Type: CONSTRAINT; Schema: public; Owner: django_admin
--

ALTER TABLE ONLY public.auth_user
    ADD CONSTRAINT auth_user_username_key UNIQUE (username);


--
-- Name: check_classroom check_classroom_center_number_classroom_bc4e21a3_uniq; Type: CONSTRAINT; Schema: public; Owner: django_admin
--

ALTER TABLE ONLY public.check_classroom
    ADD CONSTRAINT check_classroom_center_number_classroom_bc4e21a3_uniq UNIQUE (center_number, classroom);


--
-- Name: check_classroom check_classrooms_pkey; Type: CONSTRAINT; Schema: public; Owner: django_admin
--

ALTER TABLE ONLY public.check_classroom
    ADD CONSTRAINT check_classrooms_pkey PRIMARY KEY (id);


--
-- Name: check_department check_departments_pkey; Type: CONSTRAINT; Schema: public; Owner: django_admin
--

ALTER TABLE ONLY public.check_department
    ADD CONSTRAINT check_departments_pkey PRIMARY KEY (id);


--
-- Name: check_discipline check_disciplines_pkey; Type: CONSTRAINT; Schema: public; Owner: django_admin
--

ALTER TABLE ONLY public.check_discipline
    ADD CONSTRAINT check_disciplines_pkey PRIMARY KEY (id);


--
-- Name: check_exam check_exam_lesson_id_key; Type: CONSTRAINT; Schema: public; Owner: django_admin
--

ALTER TABLE ONLY public.check_exam
    ADD CONSTRAINT check_exam_lesson_id_key UNIQUE (lesson_id);


--
-- Name: check_exam check_exam_pkey; Type: CONSTRAINT; Schema: public; Owner: django_admin
--

ALTER TABLE ONLY public.check_exam
    ADD CONSTRAINT check_exam_pkey PRIMARY KEY (id);


--
-- Name: check_examtime check_examtime_pkey; Type: CONSTRAINT; Schema: public; Owner: django_admin
--

ALTER TABLE ONLY public.check_examtime
    ADD CONSTRAINT check_examtime_pkey PRIMARY KEY (id);


--
-- Name: check_faculty check_faculties_pkey; Type: CONSTRAINT; Schema: public; Owner: django_admin
--

ALTER TABLE ONLY public.check_faculty
    ADD CONSTRAINT check_faculties_pkey PRIMARY KEY (id);


--
-- Name: check_group check_groups_pkey; Type: CONSTRAINT; Schema: public; Owner: django_admin
--

ALTER TABLE ONLY public.check_group
    ADD CONSTRAINT check_groups_pkey PRIMARY KEY (id);


--
-- Name: check_lesson check_lessons_pkey; Type: CONSTRAINT; Schema: public; Owner: django_admin
--

ALTER TABLE ONLY public.check_lesson
    ADD CONSTRAINT check_lessons_pkey PRIMARY KEY (id);


--
-- Name: check_lesson_subgroup check_lessons_subgroup_lessons_id_subgroups_id_6ca1131b_uniq; Type: CONSTRAINT; Schema: public; Owner: django_admin
--

ALTER TABLE ONLY public.check_lesson_subgroup
    ADD CONSTRAINT check_lessons_subgroup_lessons_id_subgroups_id_6ca1131b_uniq UNIQUE (lesson_id, subgroup_id);


--
-- Name: check_lesson_subgroup check_lessons_subgroup_pkey; Type: CONSTRAINT; Schema: public; Owner: django_admin
--

ALTER TABLE ONLY public.check_lesson_subgroup
    ADD CONSTRAINT check_lessons_subgroup_pkey PRIMARY KEY (id);


--
-- Name: check_lessontime check_lessontime_pkey; Type: CONSTRAINT; Schema: public; Owner: django_admin
--

ALTER TABLE ONLY public.check_lessontime
    ADD CONSTRAINT check_lessontime_pkey PRIMARY KEY (id);


--
-- Name: check_lessontype check_lessontypes_pkey; Type: CONSTRAINT; Schema: public; Owner: django_admin
--

ALTER TABLE ONLY public.check_lessontype
    ADD CONSTRAINT check_lessontypes_pkey PRIMARY KEY (id);


--
-- Name: check_myfiles check_myfiles_pkey; Type: CONSTRAINT; Schema: public; Owner: django_admin
--

ALTER TABLE ONLY public.check_myfiles
    ADD CONSTRAINT check_myfiles_pkey PRIMARY KEY (id);


--
-- Name: check_position check_positions_pkey; Type: CONSTRAINT; Schema: public; Owner: django_admin
--

ALTER TABLE ONLY public.check_position
    ADD CONSTRAINT check_positions_pkey PRIMARY KEY (id);


--
-- Name: check_qualification check_qualifications_pkey; Type: CONSTRAINT; Schema: public; Owner: django_admin
--

ALTER TABLE ONLY public.check_qualification
    ADD CONSTRAINT check_qualifications_pkey PRIMARY KEY (id);


--
-- Name: check_subgroup check_subgroups_pkey; Type: CONSTRAINT; Schema: public; Owner: django_admin
--

ALTER TABLE ONLY public.check_subgroup
    ADD CONSTRAINT check_subgroups_pkey PRIMARY KEY (id);


--
-- Name: check_teacher check_teachers_pkey; Type: CONSTRAINT; Schema: public; Owner: django_admin
--

ALTER TABLE ONLY public.check_teacher
    ADD CONSTRAINT check_teachers_pkey PRIMARY KEY (id);


--
-- Name: check_weekday check_weekdays_pkey; Type: CONSTRAINT; Schema: public; Owner: django_admin
--

ALTER TABLE ONLY public.check_weekday
    ADD CONSTRAINT check_weekdays_pkey PRIMARY KEY (id);


--
-- Name: django_admin_log django_admin_log_pkey; Type: CONSTRAINT; Schema: public; Owner: django_admin
--

ALTER TABLE ONLY public.django_admin_log
    ADD CONSTRAINT django_admin_log_pkey PRIMARY KEY (id);


--
-- Name: django_content_type django_content_type_app_label_model_76bd3d3b_uniq; Type: CONSTRAINT; Schema: public; Owner: django_admin
--

ALTER TABLE ONLY public.django_content_type
    ADD CONSTRAINT django_content_type_app_label_model_76bd3d3b_uniq UNIQUE (app_label, model);


--
-- Name: django_content_type django_content_type_pkey; Type: CONSTRAINT; Schema: public; Owner: django_admin
--

ALTER TABLE ONLY public.django_content_type
    ADD CONSTRAINT django_content_type_pkey PRIMARY KEY (id);


--
-- Name: django_migrations django_migrations_pkey; Type: CONSTRAINT; Schema: public; Owner: django_admin
--

ALTER TABLE ONLY public.django_migrations
    ADD CONSTRAINT django_migrations_pkey PRIMARY KEY (id);


--
-- Name: django_session django_session_pkey; Type: CONSTRAINT; Schema: public; Owner: django_admin
--

ALTER TABLE ONLY public.django_session
    ADD CONSTRAINT django_session_pkey PRIMARY KEY (session_key);


--
-- Name: auth_group_name_a6ea08ec_like; Type: INDEX; Schema: public; Owner: django_admin
--

CREATE INDEX auth_group_name_a6ea08ec_like ON public.auth_group USING btree (name varchar_pattern_ops);


--
-- Name: auth_group_permissions_group_id_b120cbf9; Type: INDEX; Schema: public; Owner: django_admin
--

CREATE INDEX auth_group_permissions_group_id_b120cbf9 ON public.auth_group_permissions USING btree (group_id);


--
-- Name: auth_group_permissions_permission_id_84c5c92e; Type: INDEX; Schema: public; Owner: django_admin
--

CREATE INDEX auth_group_permissions_permission_id_84c5c92e ON public.auth_group_permissions USING btree (permission_id);


--
-- Name: auth_permission_content_type_id_2f476e4b; Type: INDEX; Schema: public; Owner: django_admin
--

CREATE INDEX auth_permission_content_type_id_2f476e4b ON public.auth_permission USING btree (content_type_id);


--
-- Name: auth_user_groups_group_id_97559544; Type: INDEX; Schema: public; Owner: django_admin
--

CREATE INDEX auth_user_groups_group_id_97559544 ON public.auth_user_groups USING btree (group_id);


--
-- Name: auth_user_groups_user_id_6a12ed8b; Type: INDEX; Schema: public; Owner: django_admin
--

CREATE INDEX auth_user_groups_user_id_6a12ed8b ON public.auth_user_groups USING btree (user_id);


--
-- Name: auth_user_user_permissions_permission_id_1fbb5f2c; Type: INDEX; Schema: public; Owner: django_admin
--

CREATE INDEX auth_user_user_permissions_permission_id_1fbb5f2c ON public.auth_user_user_permissions USING btree (permission_id);


--
-- Name: auth_user_user_permissions_user_id_a95ead1b; Type: INDEX; Schema: public; Owner: django_admin
--

CREATE INDEX auth_user_user_permissions_user_id_a95ead1b ON public.auth_user_user_permissions USING btree (user_id);


--
-- Name: auth_user_username_6821ab7c_like; Type: INDEX; Schema: public; Owner: django_admin
--

CREATE INDEX auth_user_username_6821ab7c_like ON public.auth_user USING btree (username varchar_pattern_ops);


--
-- Name: check_exam_start_time_id_014236f4; Type: INDEX; Schema: public; Owner: django_admin
--

CREATE INDEX check_exam_start_time_id_014236f4 ON public.check_exam USING btree (start_time_id);


--
-- Name: check_groups_faculty_id_a72ef4dc; Type: INDEX; Schema: public; Owner: django_admin
--

CREATE INDEX check_groups_faculty_id_a72ef4dc ON public.check_group USING btree (faculty_id);


--
-- Name: check_groups_qualification_id_60e307f6; Type: INDEX; Schema: public; Owner: django_admin
--

CREATE INDEX check_groups_qualification_id_60e307f6 ON public.check_group USING btree (qualification_id);


--
-- Name: check_lessons_classroom_id_77cefe41; Type: INDEX; Schema: public; Owner: django_admin
--

CREATE INDEX check_lessons_classroom_id_77cefe41 ON public.check_lesson USING btree (classroom_id);


--
-- Name: check_lessons_discipline_id_b1005597; Type: INDEX; Schema: public; Owner: django_admin
--

CREATE INDEX check_lessons_discipline_id_b1005597 ON public.check_lesson USING btree (discipline_id);


--
-- Name: check_lessons_lesson_number_id_08fe6496; Type: INDEX; Schema: public; Owner: django_admin
--

CREATE INDEX check_lessons_lesson_number_id_08fe6496 ON public.check_lesson USING btree (lesson_number_id);


--
-- Name: check_lessons_lesson_type_id_26cef31c; Type: INDEX; Schema: public; Owner: django_admin
--

CREATE INDEX check_lessons_lesson_type_id_26cef31c ON public.check_lesson USING btree (lesson_type_id);


--
-- Name: check_lessons_subgroup_lessons_id_dce03d5b; Type: INDEX; Schema: public; Owner: django_admin
--

CREATE INDEX check_lessons_subgroup_lessons_id_dce03d5b ON public.check_lesson_subgroup USING btree (lesson_id);


--
-- Name: check_lessons_subgroup_subgroups_id_ef5ab928; Type: INDEX; Schema: public; Owner: django_admin
--

CREATE INDEX check_lessons_subgroup_subgroups_id_ef5ab928 ON public.check_lesson_subgroup USING btree (subgroup_id);


--
-- Name: check_lessons_teacher_id_314ddcfd; Type: INDEX; Schema: public; Owner: django_admin
--

CREATE INDEX check_lessons_teacher_id_314ddcfd ON public.check_lesson USING btree (teacher_id);


--
-- Name: check_lessons_weekday_id_0cce58bb; Type: INDEX; Schema: public; Owner: django_admin
--

CREATE INDEX check_lessons_weekday_id_0cce58bb ON public.check_lesson USING btree (weekday_id);


--
-- Name: check_subgroups_group_id_c1a2da38; Type: INDEX; Schema: public; Owner: django_admin
--

CREATE INDEX check_subgroups_group_id_c1a2da38 ON public.check_subgroup USING btree (group_id);


--
-- Name: check_teachers_department_id_2bea3328; Type: INDEX; Schema: public; Owner: django_admin
--

CREATE INDEX check_teachers_department_id_2bea3328 ON public.check_teacher USING btree (department_id);


--
-- Name: check_teachers_position_id_24e8b419; Type: INDEX; Schema: public; Owner: django_admin
--

CREATE INDEX check_teachers_position_id_24e8b419 ON public.check_teacher USING btree (position_id);


--
-- Name: django_admin_log_content_type_id_c4bce8eb; Type: INDEX; Schema: public; Owner: django_admin
--

CREATE INDEX django_admin_log_content_type_id_c4bce8eb ON public.django_admin_log USING btree (content_type_id);


--
-- Name: django_admin_log_user_id_c564eba6; Type: INDEX; Schema: public; Owner: django_admin
--

CREATE INDEX django_admin_log_user_id_c564eba6 ON public.django_admin_log USING btree (user_id);


--
-- Name: django_session_expire_date_a5c62663; Type: INDEX; Schema: public; Owner: django_admin
--

CREATE INDEX django_session_expire_date_a5c62663 ON public.django_session USING btree (expire_date);


--
-- Name: django_session_session_key_c0390e0f_like; Type: INDEX; Schema: public; Owner: django_admin
--

CREATE INDEX django_session_session_key_c0390e0f_like ON public.django_session USING btree (session_key varchar_pattern_ops);


--
-- Name: auth_group_permissions auth_group_permissio_permission_id_84c5c92e_fk_auth_perm; Type: FK CONSTRAINT; Schema: public; Owner: django_admin
--

ALTER TABLE ONLY public.auth_group_permissions
    ADD CONSTRAINT auth_group_permissio_permission_id_84c5c92e_fk_auth_perm FOREIGN KEY (permission_id) REFERENCES public.auth_permission(id) DEFERRABLE INITIALLY DEFERRED;


--
-- Name: auth_group_permissions auth_group_permissions_group_id_b120cbf9_fk_auth_group_id; Type: FK CONSTRAINT; Schema: public; Owner: django_admin
--

ALTER TABLE ONLY public.auth_group_permissions
    ADD CONSTRAINT auth_group_permissions_group_id_b120cbf9_fk_auth_group_id FOREIGN KEY (group_id) REFERENCES public.auth_group(id) DEFERRABLE INITIALLY DEFERRED;


--
-- Name: auth_permission auth_permission_content_type_id_2f476e4b_fk_django_co; Type: FK CONSTRAINT; Schema: public; Owner: django_admin
--

ALTER TABLE ONLY public.auth_permission
    ADD CONSTRAINT auth_permission_content_type_id_2f476e4b_fk_django_co FOREIGN KEY (content_type_id) REFERENCES public.django_content_type(id) DEFERRABLE INITIALLY DEFERRED;


--
-- Name: auth_user_groups auth_user_groups_group_id_97559544_fk_auth_group_id; Type: FK CONSTRAINT; Schema: public; Owner: django_admin
--

ALTER TABLE ONLY public.auth_user_groups
    ADD CONSTRAINT auth_user_groups_group_id_97559544_fk_auth_group_id FOREIGN KEY (group_id) REFERENCES public.auth_group(id) DEFERRABLE INITIALLY DEFERRED;


--
-- Name: auth_user_groups auth_user_groups_user_id_6a12ed8b_fk_auth_user_id; Type: FK CONSTRAINT; Schema: public; Owner: django_admin
--

ALTER TABLE ONLY public.auth_user_groups
    ADD CONSTRAINT auth_user_groups_user_id_6a12ed8b_fk_auth_user_id FOREIGN KEY (user_id) REFERENCES public.auth_user(id) DEFERRABLE INITIALLY DEFERRED;


--
-- Name: auth_user_user_permissions auth_user_user_permi_permission_id_1fbb5f2c_fk_auth_perm; Type: FK CONSTRAINT; Schema: public; Owner: django_admin
--

ALTER TABLE ONLY public.auth_user_user_permissions
    ADD CONSTRAINT auth_user_user_permi_permission_id_1fbb5f2c_fk_auth_perm FOREIGN KEY (permission_id) REFERENCES public.auth_permission(id) DEFERRABLE INITIALLY DEFERRED;


--
-- Name: auth_user_user_permissions auth_user_user_permissions_user_id_a95ead1b_fk_auth_user_id; Type: FK CONSTRAINT; Schema: public; Owner: django_admin
--

ALTER TABLE ONLY public.auth_user_user_permissions
    ADD CONSTRAINT auth_user_user_permissions_user_id_a95ead1b_fk_auth_user_id FOREIGN KEY (user_id) REFERENCES public.auth_user(id) DEFERRABLE INITIALLY DEFERRED;


--
-- Name: check_exam check_exam_lesson_id_6e96f8b8_fk_check_lesson_id; Type: FK CONSTRAINT; Schema: public; Owner: django_admin
--

ALTER TABLE ONLY public.check_exam
    ADD CONSTRAINT check_exam_lesson_id_6e96f8b8_fk_check_lesson_id FOREIGN KEY (lesson_id) REFERENCES public.check_lesson(id) DEFERRABLE INITIALLY DEFERRED;


--
-- Name: check_exam check_exam_start_time_id_014236f4_fk_check_examtime_id; Type: FK CONSTRAINT; Schema: public; Owner: django_admin
--

ALTER TABLE ONLY public.check_exam
    ADD CONSTRAINT check_exam_start_time_id_014236f4_fk_check_examtime_id FOREIGN KEY (start_time_id) REFERENCES public.check_examtime(id) DEFERRABLE INITIALLY DEFERRED;


--
-- Name: check_group check_groups_faculty_id_a72ef4dc_fk_check_faculties_id; Type: FK CONSTRAINT; Schema: public; Owner: django_admin
--

ALTER TABLE ONLY public.check_group
    ADD CONSTRAINT check_groups_faculty_id_a72ef4dc_fk_check_faculties_id FOREIGN KEY (faculty_id) REFERENCES public.check_faculty(id) DEFERRABLE INITIALLY DEFERRED;


--
-- Name: check_group check_groups_qualification_id_60e307f6_fk_check_qua; Type: FK CONSTRAINT; Schema: public; Owner: django_admin
--

ALTER TABLE ONLY public.check_group
    ADD CONSTRAINT check_groups_qualification_id_60e307f6_fk_check_qua FOREIGN KEY (qualification_id) REFERENCES public.check_qualification(id) DEFERRABLE INITIALLY DEFERRED;


--
-- Name: check_lesson check_lessons_classroom_id_77cefe41_fk_check_classrooms_id; Type: FK CONSTRAINT; Schema: public; Owner: django_admin
--

ALTER TABLE ONLY public.check_lesson
    ADD CONSTRAINT check_lessons_classroom_id_77cefe41_fk_check_classrooms_id FOREIGN KEY (classroom_id) REFERENCES public.check_classroom(id) DEFERRABLE INITIALLY DEFERRED;


--
-- Name: check_lesson check_lessons_discipline_id_b1005597_fk_check_disciplines_id; Type: FK CONSTRAINT; Schema: public; Owner: django_admin
--

ALTER TABLE ONLY public.check_lesson
    ADD CONSTRAINT check_lessons_discipline_id_b1005597_fk_check_disciplines_id FOREIGN KEY (discipline_id) REFERENCES public.check_discipline(id) DEFERRABLE INITIALLY DEFERRED;


--
-- Name: check_lesson check_lessons_lesson_number_id_08fe6496_fk_check_lessontime_id; Type: FK CONSTRAINT; Schema: public; Owner: django_admin
--

ALTER TABLE ONLY public.check_lesson
    ADD CONSTRAINT check_lessons_lesson_number_id_08fe6496_fk_check_lessontime_id FOREIGN KEY (lesson_number_id) REFERENCES public.check_lessontime(id) DEFERRABLE INITIALLY DEFERRED;


--
-- Name: check_lesson check_lessons_lesson_type_id_26cef31c_fk_check_lessontypes_id; Type: FK CONSTRAINT; Schema: public; Owner: django_admin
--

ALTER TABLE ONLY public.check_lesson
    ADD CONSTRAINT check_lessons_lesson_type_id_26cef31c_fk_check_lessontypes_id FOREIGN KEY (lesson_type_id) REFERENCES public.check_lessontype(id) DEFERRABLE INITIALLY DEFERRED;


--
-- Name: check_lesson_subgroup check_lessons_subgro_subgroups_id_ef5ab928_fk_check_sub; Type: FK CONSTRAINT; Schema: public; Owner: django_admin
--

ALTER TABLE ONLY public.check_lesson_subgroup
    ADD CONSTRAINT check_lessons_subgro_subgroups_id_ef5ab928_fk_check_sub FOREIGN KEY (subgroup_id) REFERENCES public.check_subgroup(id) DEFERRABLE INITIALLY DEFERRED;


--
-- Name: check_lesson_subgroup check_lessons_subgroup_lessons_id_dce03d5b_fk_check_lessons_id; Type: FK CONSTRAINT; Schema: public; Owner: django_admin
--

ALTER TABLE ONLY public.check_lesson_subgroup
    ADD CONSTRAINT check_lessons_subgroup_lessons_id_dce03d5b_fk_check_lessons_id FOREIGN KEY (lesson_id) REFERENCES public.check_lesson(id) DEFERRABLE INITIALLY DEFERRED;


--
-- Name: check_lesson check_lessons_teacher_id_314ddcfd_fk_check_teachers_id; Type: FK CONSTRAINT; Schema: public; Owner: django_admin
--

ALTER TABLE ONLY public.check_lesson
    ADD CONSTRAINT check_lessons_teacher_id_314ddcfd_fk_check_teachers_id FOREIGN KEY (teacher_id) REFERENCES public.check_teacher(id) DEFERRABLE INITIALLY DEFERRED;


--
-- Name: check_lesson check_lessons_weekday_id_0cce58bb_fk_check_weekdays_id; Type: FK CONSTRAINT; Schema: public; Owner: django_admin
--

ALTER TABLE ONLY public.check_lesson
    ADD CONSTRAINT check_lessons_weekday_id_0cce58bb_fk_check_weekdays_id FOREIGN KEY (weekday_id) REFERENCES public.check_weekday(id) DEFERRABLE INITIALLY DEFERRED;


--
-- Name: check_subgroup check_subgroups_group_id_c1a2da38_fk_check_groups_id; Type: FK CONSTRAINT; Schema: public; Owner: django_admin
--

ALTER TABLE ONLY public.check_subgroup
    ADD CONSTRAINT check_subgroups_group_id_c1a2da38_fk_check_groups_id FOREIGN KEY (group_id) REFERENCES public.check_group(id) DEFERRABLE INITIALLY DEFERRED;


--
-- Name: check_teacher check_teachers_department_id_2bea3328_fk_check_departments_id; Type: FK CONSTRAINT; Schema: public; Owner: django_admin
--

ALTER TABLE ONLY public.check_teacher
    ADD CONSTRAINT check_teachers_department_id_2bea3328_fk_check_departments_id FOREIGN KEY (department_id) REFERENCES public.check_department(id) DEFERRABLE INITIALLY DEFERRED;


--
-- Name: check_teacher check_teachers_position_id_24e8b419_fk_check_positions_id; Type: FK CONSTRAINT; Schema: public; Owner: django_admin
--

ALTER TABLE ONLY public.check_teacher
    ADD CONSTRAINT check_teachers_position_id_24e8b419_fk_check_positions_id FOREIGN KEY (position_id) REFERENCES public.check_position(id) DEFERRABLE INITIALLY DEFERRED;


--
-- Name: django_admin_log django_admin_log_content_type_id_c4bce8eb_fk_django_co; Type: FK CONSTRAINT; Schema: public; Owner: django_admin
--

ALTER TABLE ONLY public.django_admin_log
    ADD CONSTRAINT django_admin_log_content_type_id_c4bce8eb_fk_django_co FOREIGN KEY (content_type_id) REFERENCES public.django_content_type(id) DEFERRABLE INITIALLY DEFERRED;


--
-- Name: django_admin_log django_admin_log_user_id_c564eba6_fk_auth_user_id; Type: FK CONSTRAINT; Schema: public; Owner: django_admin
--

ALTER TABLE ONLY public.django_admin_log
    ADD CONSTRAINT django_admin_log_user_id_c564eba6_fk_auth_user_id FOREIGN KEY (user_id) REFERENCES public.auth_user(id) DEFERRABLE INITIALLY DEFERRED;


--
-- Name: SCHEMA public; Type: ACL; Schema: -; Owner: pg_database_owner
--

GRANT ALL ON SCHEMA public TO django_admin;


--
-- PostgreSQL database dump complete
--

